Workbook
Name __AD1: #REF!
Name __D3: #REF!
Name __DAT1: #REF!
Name __DAT10: #REF!
Name __DAT11: #REF!
Name __DAT12: '[4]C. PENSION'!#REF!
Name __DAT2: #REF!
Name __DAT3: #REF!
Name __DAT4: #REF!
Name __DAT5: #REF!
Name __DAT6: #REF!
Name __DAT7: #REF!
Name __DAT8: #REF!
Name __DAT9: #REF!
Name __T1: #REF!
Name __T2: #REF!
Name __T5: #REF!
Name _1P68: '[6]%'!$B$2:$Z$17
Name _2P68: #REF!
Name _55: [8]Macro1!$B$29:$C$29
Name _55_F: [9]Macro1!$B$159:$C$159
Name _55_H: [9]Macro1!$B$94:$C$94
Name _56: [10]Macro1!#REF!
Name _56_59: [10]Macro1!#REF!
Name _56_a_59: [8]Macro1!$B$31:$C$31
Name _56_a_59_F: [9]Macro1!$B$161:$C$161
Name _56_a_59_H: [9]Macro1!$B$96:$C$96
Name _57: [10]Macro1!#REF!
Name _58: [10]Macro1!#REF!
Name _59: [10]Macro1!#REF!
Name _60: [8]Macro1!$B$34:$C$34
Name _60_F: [9]Macro1!$B$164:$C$164
Name _60_H: [9]Macro1!$B$99:$C$99
Name _61: [10]Macro1!#REF!
Name _61_64: [10]Macro1!#REF!
Name _61_a_64: [8]Macro1!$B$36:$C$36
Name _61_a_64_F: [9]Macro1!$B$166:$C$166
Name _61_a_64_H: [9]Macro1!$B$101:$C$101
Name _62: [10]Macro1!#REF!
Name _63: [10]Macro1!#REF!
Name _64: [10]Macro1!#REF!
Name _65: [8]Macro1!$B$39:$C$39
Name _65_et_plus: [10]Macro1!#REF!
Name _65_F: [9]Macro1!$B$169:$C$169
Name _65_H: [9]Macro1!$B$104:$C$104
Name _66_et_plus: [8]Macro1!$B$41:$C$41
Name _66_et_plus_F: [9]Macro1!$B$171:$C$171
Name _66_et_plus_H: [9]Macro1!$B$106:$C$106
Name _AD1: #REF!
Name _D3: #REF!
Name _DAT1: #REF!
Name _DAT10: #REF!
Name _DAT11: #REF!
Name _DAT12: '[4]C. PENSION'!#REF!
Name _DAT13: [11]mensual!#REF!
Name _DAT14: [11]mensual!#REF!
Name _DAT2: #REF!
Name _DAT3: #REF!
Name _DAT4: #REF!
Name _DAT5: #REF!

Sheet SOMMAIRE
A1: Rapport droits familiaux et conjugaux
A3: Fichiers sources des tableaux et figures
A5: Annexes données détaillées
A7: Annexe A. Les bénéficiaires des droits familiaux par régime et en projection
A9: ='Fig A.1'!A1 -> Figure A.1 - Part des retraitées de droit propre bénéficiaires de la MDA par génération et nombre moyen de trimestres validés au titre de la MDA selon le régime considéré - Femmes
A10: ='Fig A.2'!A1 -> Figure A.2 - Durées d’assurance avec et sans MDA selon le nombre d’enfants pour les femmes retraitées, par génération
A11: ='Fig A.3'!A1 -> Figure A.3 - Durées d’assurance avec et sans MDA selon le nombre d’enfants pour les femmes retraitées de la CNAV, par génération
A12: ='Fig A.4'!A1 -> Figure A.4 - Durées d’assurance avec et sans MDA selon le nombre d’enfants pour les femmes retraitées du SRE, par génération
A13: ='Fig A.5'!A1 -> Figure A.5 - Part des retraitées de droit propre bénéficiaires de l’AVPF par génération et nombre moyen de trimestres validés à ce titre – Cnav
A14: ='Fig A.6'!A1 -> Figure A.6 - Part des retraités de droit propre bénéficiaires de la majoration de pension pour trois enfants et plus, par génération et régime
A15: ='Fig A.7'!A1 -> Figure A.7 - Part des bénéficiaires des départs anticipés pour 3 enfants et âge moyen de départ, par génération
A16: ='Fig A.8'!A1 -> Figure A.8 - Part des bénéficiaires des départs anticipés pour 3 enfants et âge moyen de départ, par génération et par régime
A17: ='Fig A.9'!A1 -> Figure A.9 - Âge moyen de départ à la retraite des femmes bénéficiaires du dispositif et des femmes de 3 enfants et plus, par génération et par régime
A20: Annexe B. Résultats détaillés des simulations d'harmonisation des droits familiaux et conjugaux
A22: ='Tab B.1'!A1 -> Tableau B.1 - Attribution de 8 trimestres de MDA quel que soit le régime d’affiliation - génération 2000
A23: ='Tab B.2'!A1 -> Tableau B.2 - Attribution de 4 trimestres de MDA quel que soit le régime d’affiliation - génération 2000
A24: ='Tab B.3'!A1 -> Tableau B.3 - Attribution de 2 trimestres de MDA quel que soit le régime d’affiliation - génération 2000
A25: ='Tab B.4'!A1 -> Tableau B.4 - Harmonisation de la majoration de pension à 10 % quel que soit le régime et uniformisation au-delà du troisième enfant - génération 2000
A26: ='Tab B.5'!A1 -> Tableau B.5 - Écart de masses de prestations de droit direct par régimes après mesures (en %)
A27: ='Fig B.1'!A1 -> Figure B.1 - Impact de la suppression de la condition de ressources sur la pension moyenne sur cycle de vie des assurés de la génération 2000 (en %)
A28: ='Fig B.2'!A1 -> Figure B.2 - Impact de la génératlisation de la condition de ressources sur la pension moyenne sur cycle de vie des assurés de la génération 2000 (en %)
A29: ='Fig B.3'!A1 -> Figure B.3 - Ecart après mesures d'harmonisation (croisement) des masses de prestations de droit dérivé (en %)
A32: Annexe C. Résultats détaillés des simulations d'évolution des droits familiaux et conjugaux
A34: ='Tab C.1'!A1 -> Tableau C.1 - Principaux résultats de la simulation d’évolution des droits familiaux : MDA, majorations proportionnelles avec taux progressifs selon le nombre d’enfants, bornage de l’AVPF - génération 2000 (avec plafonnement)
A35: ='Tab C.2'!A1 -> Tableau C.2 - Principaux résultats de la simulation d’évolution des droits familiaux : MDA, majorations proportionnelles avec taux progressifs selon le nombre d’enfants, bornage de l’AVPF - génération 1966 (avec plafonnement)
A36: ='Tab C.3'!A1 -> Tableau C.3 - Principaux résultats de la simulation d’évolution des droits familiaux : MDA, majorations proportionnelles avec taux progressifs selon le nombre d’enfants, bornage de l’AVPF - génération 2000 (hors plafonnement)
A37: ='Tab C.4'!A1 -> Tableau C.4 - Principaux résultats de la simulation d’évolution des droits familiaux : MDA, majorations proportionnelles avec taux progressifs selon le nombre d’enfants, bornage de l’AVPF - génération 1966 (hors plafonnement)
A38: ='Tab C.5'!A1 -> Tableau C.5 - Écart de masses de prestations de droit direct par régimes après mesures (en %)
A39: ='Fig C.1'!A1 -> Figure C.1 - Écart après mesure de maintien de niveau de vie des masses de prestations de droit dérivé selon le régime (en %)
A40: ='Fig C.2'!A1 -> Figure C.2 - Écarts de masses de prestations de réversion et de bénéficiaires de réversion après mesure de la double proratisation de pension de réversion (en %)
A41: ='Fig C.3'!A1 -> Figure C.3 - Écart de masses de prestations de droit dérivé selon le régime après mesure de double proratisation de la pension de réversion (en %)
A42: ='Fig C.4'!A1 -> Figure C.4 - Impact de la double proratisation de la réversion sur la pension sur cycle de vie des assurés de la génération 2000
A45: Annexe 4. Résultats détaillés de la variante de bascule des droits conjugaux vers les droits familiaux
A47: ='Tab D.1'!A1 -> Tableau D.1 - Principaux résultats de la simulation de bascule des droits conjugaux vers les droits familiaux - droits directs génération 2000 (avec plafonnement)
A48: ='Tab D.2'!A1 -> Tableau D.2 - Principaux résultats de la simulation de bascule des droits conjugaux vers les droits familiaux - droits directs génération 1966 (avec plafonnement)
A49: ='Tab D.3'!A1 -> Tableau D.3 - Principaux résultats de la simulation de bascule des droits conjugaux vers les droits familiaux - droits directs génération 2000 (hors plafonnement)
A50: ='Tab D.4'!A1 -> Tableau D.4 - Principaux résultats de la simulation de bascule des droits conjugaux vers les droits familiaux - réversion génération 2000
A51: ='Tab D.5'!A1 -> Tableau D.5 - Principaux résultats de la simulation de bascule des droits conjugaux vers les droits familiaux - réversion génération 1966
A52: ='Tab D.6'!A1 -> Tableau D.6 - Principaux résultats de la simulation de bascule des droits conjugaux vers les droits familiaux - droits directs et réversion génération 2000 (avec plafonnement)
A53: ='Tab D.7'!A1 -> Tableau D.7 - Principaux résultats de la simulation de bascule des droits conjugaux vers les droits familiaux - droits directs et réversion génération 1966 (avec plafonnement)
A54: ='Tab D.8'!A1 -> Tableau D.8 - Principaux résultats de la simulation de bascule des droits conjugaux vers les droits familiaux - droits directs et réversion génération 2000 (sans plafonnement)
A55: ='Tab D.9'!A1 -> Tableau D.9 - Écart de masses de prestations de droit direct par régimes après mesures (en %)

Sheet Fig A.1
A1: Figure A.1 - Part des retraitées de droit propre bénéficiaires de la MDA par génération et nombre moyen de trimestres validés au titre de la MDA selon le régime considéré - Femmes
A2: Retour au sommaire
D4: 1930 | E4: 1931 | F4: 1932 | G4: 1933 | H4: 1934 | I4: 1935 | J4: 1936 | K4: 1937 | L4: 1938 | M4: 1939 | N4: 1940 | O4: 1941 | P4: 1942 | Q4: 1943 | R4: 1944 | S4: 1945 | T4: 1946 | U4: 1947 | V4: 1948 | W4: 1949 | X4: 1950 | Y4: 1951 | Z4: 1952 | AA4: 1953 | AB4: 1954 | AC4: 1955 | AD4: 1956 | AE4: 1957 | AF4: 1958 | AG4: 1959 | AH4: 1960 | AI4: 1961 | AJ4: 1962 | AK4: 1963 | AL4: 1964 | AM4: 1965 | AN4: 1966 | AO4: 1967 | AP4: 1968 | AQ4: 1969 | AR4: 1970 | AS4: 1971 | AT4: 1972 | AU4: 1973 | AV4: 1974 | AW4: 1975 | AX4: 1976 | AY4: 1977 | AZ4: 1978 | BA4: 1979 | BB4: 1980 | BC4: 1981 | BD4: 1982 | BE4: 1983 | BF4: 1984 | BG4: 1985 | BH4: 1986 | BI4: 1987 | BJ4: 1988 | BK4: 1989 | BL4: 1990 | BM4: 1991 | BN4: 1992 | BO4: 1993 | BP4: 1994 | BQ4: 1995 | BR4: 1996 | BS4: 1997 | BT4: 1998 | BU4: 1999 | BV4: 2000
B5: Part des bénéficiaires | C5: Cnav | G5: =[32]Effectifs!E10 -> 0.7853685 | H5: =[32]Effectifs!F10 -> 0.79913733 | I5: =[32]Effectifs!G10 -> 0.80384635 | J5: =[32]Effectifs!H10 -> 0.81107167 | K5: =[32]Effectifs!I10 -> 0.81574587 | L5: =[32]Effectifs!J10 -> 0.82130399 | M5: =[32]Effectifs!K10 -> 0.82682339 | N5: =[32]Effectifs!L10 -> 0.83257256 | ... BV5: =[32]Effectifs!BT10 -> 0.85640699
C6: SRE - civils | S6: =[33]Effectifs!Q10 -> 0.76390606 | T6: =[33]Effectifs!R10 -> 0.76151565 | U6: =[33]Effectifs!S10 -> 0.75659949 | V6: =[33]Effectifs!T10 -> 0.75061673 | W6: =[33]Effectifs!U10 -> 0.75375912 | X6: =[33]Effectifs!V10 -> 0.75974023 | Y6: =[33]Effectifs!W10 -> 0.7679029 | Z6: =[33]Effectifs!X10 -> 0.78314777 | ... BV6: =[33]Effectifs!BT10 -> 0.74060427
C7: CNRACL | D7: =[34]Effectifs!B12 -> 0.7135373 | E7: =[34]Effectifs!C12 -> 0.75471331 | F7: =[34]Effectifs!D12 -> 0.77788065 | G7: =[34]Effectifs!E12 -> 0.79288953 | H7: =[34]Effectifs!F12 -> 0.80302016 | I7: =[34]Effectifs!G12 -> 0.81881508 | J7: =[34]Effectifs!H12 -> 0.82047989 | K7: =[34]Effectifs!I12 -> 0.83360966 | ... AH7: =[34]Effectifs!AF12 -> 0.87599474
B8: Nombre moyen de trimestres validés | C8: Cnav | G8: =[32]Durées!F55 -> 21.340301 | H8: =[32]Durées!G55 -> 21.538147 | I8: =[32]Durées!H55 -> 21.520585 | J8: =[32]Durées!I55 -> 21.44975 | K8: =[32]Durées!J55 -> 21.310889 | L8: =[32]Durées!K55 -> 21.154698 | M8: =[32]Durées!L55 -> 20.912521 | N8: =[32]Durées!M55 -> 20.575602 | ... BV8: =[32]Durées!BU55 -> 15.296465
C9: SRE - civils | S9: =[33]Durées!R55 -> 8.0841424 | T9: =[33]Durées!S55 -> 7.982695 | U9: =[33]Durées!T55 -> 7.9296689 | V9: =[33]Durées!U55 -> 7.8650652 | W9: =[33]Durées!V55 -> 7.8359321 | X9: =[33]Durées!W55 -> 7.8453515 | Y9: =[33]Durées!X55 -> 7.8495559 | Z9: =[33]Durées!Y55 -> 7.9179199 | ... BV9: =[33]Durées!BU55 -> 4.2069652
C10: CNRACL | D10: =[34]Durées!C58 -> 10.596182 | E10: =[34]Durées!D58 -> 10.639712 | F10: =[34]Durées!E58 -> 10.612854 | G10: =[34]Durées!F58 -> 10.560337 | H10: =[34]Durées!G58 -> 10.268087 | I10: =[34]Durées!H58 -> 10.368707 | J10: =[34]Durées!I58 -> 10.415026 | K10: =[34]Durées!J58 -> 10.258393 | ... AH10: =[34]Durées!AG58 -> 9.5026858
B12: Note : ensemble des trimestres validés au titre de la MDA, que ces derniers soient utiles ou non au moment du départ à la retraite. Les données CNRACL sont en cours de consolidation.
B13: Champ : ensemble des femmes retraitées de droit direct.
B14: Source : Cnav modèle Prisme, SRE modèle Pablo, CNRACL modèle Canopée.
C17: Part des bénéficiaires | I17: Nombre moyen de trimestres validés

Sheet Fig A.2
A1: Figure A.2 - Durées d’assurance avec et sans MDA selon le nombre d’enfants pour les femmes retraitées, par génération
A2: Retour au sommaire
C4: 1930 | D4: 1931 | E4: 1932 | F4: 1933 | G4: 1934 | H4: 1935 | I4: 1936 | J4: 1937 | K4: 1938 | L4: 1939 | M4: 1940 | N4: 1941 | O4: 1942 | P4: 1943 | Q4: 1944 | R4: 1945 | S4: 1946 | T4: 1947 | U4: 1948 | V4: 1949 | W4: 1950 | X4: 1951 | Y4: 1952 | Z4: 1953
B5: Non bénéficiaires de la MDA | C5: =[35]Durées!C296 -> 128.14882 | D5: =[35]Durées!D296 -> 132.74238 | E5: =[35]Durées!E296 -> 134.14662 | F5: =[35]Durées!F296 -> 133.30425 | G5: =[35]Durées!G296 -> 134.05289 | H5: =[35]Durées!H296 -> 133.67792 | I5: =[35]Durées!I296 -> 134.15704 | J5: =[35]Durées!J296 -> 135.05068 | ... Z5: =[35]Durées!Z296 -> 148.06548
B6: 1 ou 2 enfants y compris MDA | C6: =[35]Durées!C297 -> 121.43086 | D6: =[35]Durées!D297 -> 122.27322 | E6: =[35]Durées!E297 -> 122.12358 | F6: =[35]Durées!F297 -> 121.75791 | G6: =[35]Durées!G297 -> 122.4706 | H6: =[35]Durées!H297 -> 123.49156 | I6: =[35]Durées!I297 -> 125.00781 | J6: =[35]Durées!J297 -> 126.1656 | ... Z6: =[35]Durées!Z297 -> 157.41824
B7: 3 enfants et plus y compris MDA | C7: =[35]Durées!C298 -> 112.74982 | D7: =[35]Durées!D298 -> 113.62812 | E7: =[35]Durées!E298 -> 115.45929 | F7: =[35]Durées!F298 -> 116.95203 | G7: =[35]Durées!G298 -> 118.21736 | H7: =[35]Durées!H298 -> 118.80682 | I7: =[35]Durées!I298 -> 119.45882 | J7: =[35]Durées!J298 -> 121.50375 | ... Z7: =[35]Durées!Z298 -> 158.21176
B8: 1 ou 2 enfants hors MDA | C8: =[35]Durées!C300 -> 110.11352 | D8: =[35]Durées!D300 -> 110.90308 | E8: =[35]Durées!E300 -> 110.69509 | F8: =[35]Durées!F300 -> 110.35257 | G8: =[35]Durées!G300 -> 110.96644 | H8: =[35]Durées!H300 -> 111.87478 | I8: =[35]Durées!I300 -> 113.235 | J8: =[35]Durées!J300 -> 114.35132 | ... Z8: =[35]Durées!Z300 -> 144.9038
B9: 3 enfants et plus hors MDA | C9: =[35]Durées!C301 -> 83.278295 | D9: =[35]Durées!D301 -> 84.869327 | E9: =[35]Durées!E301 -> 86.797885 | F9: =[35]Durées!F301 -> 88.08394 | G9: =[35]Durées!G301 -> 89.3101 | H9: =[35]Durées!H301 -> 90.071077 | I9: =[35]Durées!I301 -> 90.929043 | J9: =[35]Durées!J301 -> 93.20943 | ... Z9: =[35]Durées!Z301 -> 131.38146
B11: Note : ensemble des trimestres validés au titre de la MDA, que ces derniers soient utiles ou non au moment du départ à la retraite.
B12: Champ : ensemble des retraités de droit direct résidant en France et à l’étranger, pondérés pour être représentatifs des assurés ayant perçu une pension.
B13: Source : DREES, EIR 2020.

Sheet Fig A.3
A1: Figure A.3 - Durées d’assurance avec et sans MDA selon le nombre d’enfants pour les femmes retraitées de la CNAV, par génération
A2: Retour au sommaire
C4: 1933 | D4: 1934 | E4: 1935 | F4: 1936 | G4: 1937 | H4: 1938 | I4: 1939 | J4: 1940 | K4: 1941 | L4: 1942 | M4: 1943 | N4: 1944 | O4: 1945 | P4: 1946 | Q4: 1947 | R4: 1948 | S4: 1949 | T4: 1950 | U4: 1951 | V4: 1952 | W4: 1953 | X4: 1954 | Y4: 1955 | Z4: 1956 | AA4: 1957 | AB4: 1958 | AC4: 1959 | AD4: 1960 | AE4: 1961 | AF4: 1962 | AG4: 1963 | AH4: 1964 | AI4: 1965 | AJ4: 1966 | AK4: 1967 | AL4: 1968 | AM4: 1969 | AN4: 1970 | AO4: 1971 | AP4: 1972 | AQ4: 1973 | AR4: 1974 | AS4: 1975 | AT4: 1976 | AU4: 1977 | AV4: 1978 | AW4: 1979 | AX4: 1980 | AY4: 1981 | AZ4: 1982 | BA4: 1983 | BB4: 1984 | BC4: 1985 | BD4: 1986 | BE4: 1987 | BF4: 1988 | BG4: 1989 | BH4: 1990 | BI4: 1991 | BJ4: 1992 | BK4: 1993 | BL4: 1994 | BM4: 1995 | BN4: 1996 | BO4: 1997 | BP4: 1998 | BQ4: 1999 | BR4: 2000
B5: Non bénéficiaires de la MDA | C5: =[32]Durées!F199 -> 128.69 | D5: =[32]Durées!G199 -> 134.29333 | E5: =[32]Durées!H199 -> 136.176 | F5: =[32]Durées!I199 -> 138.442 | G5: =[32]Durées!J199 -> 139.778 | H5: =[32]Durées!K199 -> 141.196 | I5: =[32]Durées!L199 -> 142.342 | J5: =[32]Durées!M199 -> 143.82 | ... BR5: =[32]Durées!BU199 -> 155.33
B6: 1 ou 2 enfants y compris MDA | C6: =[32]Durées!F200 -> 116.39 | D6: =[32]Durées!G200 -> 115.53667 | E6: =[32]Durées!H200 -> 116.994 | F6: =[32]Durées!I200 -> 118.162 | G6: =[32]Durées!J200 -> 120.184 | H6: =[32]Durées!K200 -> 122.276 | I6: =[32]Durées!L200 -> 124.622 | J6: =[32]Durées!M200 -> 127.038 | ... BR6: =[32]Durées!BU200 -> 159.4
B7: 3 enfants et plus y compris MDA | C7: =[32]Durées!F201 -> 112.24 | D7: =[32]Durées!G201 -> 114.38667 | E7: =[32]Durées!H201 -> 115.97 | F7: =[32]Durées!I201 -> 117.988 | G7: =[32]Durées!J201 -> 120.164 | H7: =[32]Durées!K201 -> 122.032 | I7: =[32]Durées!L201 -> 124.184 | J7: =[32]Durées!M201 -> 126.798 | ... BR7: =[32]Durées!BU201 -> 162.27
B8: 1 ou 2 enfants hors MDA | C8: =[32]Durées!F203 -> 105.28 | D8: =[32]Durées!G203 -> 104.34667 | E8: =[32]Durées!H203 -> 105.61 | F8: =[32]Durées!I203 -> 106.644 | G8: =[32]Durées!J203 -> 108.526 | H8: =[32]Durées!K203 -> 110.49 | I8: =[32]Durées!L203 -> 112.748 | J8: =[32]Durées!M203 -> 115.088 | ... BR8: =[32]Durées!BU203 -> 147.75
B9: 3 enfants et plus hors MDA | C9: =[32]Durées!F204 -> 84.95 | D9: =[32]Durées!G204 -> 86.483333 | E9: =[32]Durées!H204 -> 88.112 | F9: =[32]Durées!I204 -> 90.126 | G9: =[32]Durées!J204 -> 92.362 | H9: =[32]Durées!K204 -> 94.244 | I9: =[32]Durées!L204 -> 96.402 | J9: =[32]Durées!M204 -> 99.146 | ... BR9: =[32]Durées!BU204 -> 138.46
B11: Note : ensemble des trimestres validés au titre de la MDA, que ces derniers soient utiles ou non au moment du départ à la retraite.
B12: Champ : ensemble des retraités de droit direct résidant en France et à l’étranger, pondérés pour être représentatifs des assurés ayant perçu une pension.
B13: Source : DREES, EIR 2020.

Sheet Fig A.4
A1: Figure A.4 - Durées d’assurance avec et sans MDA selon le nombre d’enfants pour les femmes retraitées du SRE, par génération
A2: Retour au sommaire
C4: 1945 | D4: 1946 | E4: 1947 | F4: 1948 | G4: 1949 | H4: 1950 | I4: 1951 | J4: 1952 | K4: 1953 | L4: 1954 | M4: 1955 | N4: 1956 | O4: 1957 | P4: 1958 | Q4: 1959 | R4: 1960 | S4: 1961 | T4: 1962 | U4: 1963 | V4: 1964 | W4: 1965 | X4: 1966 | Y4: 1967 | Z4: 1968 | AA4: 1969 | AB4: 1970 | AC4: 1971 | AD4: 1972 | AE4: 1973 | AF4: 1974 | AG4: 1975 | AH4: 1976 | AI4: 1977 | AJ4: 1978 | AK4: 1979 | AL4: 1980 | AM4: 1981 | AN4: 1982 | AO4: 1983 | AP4: 1984 | AQ4: 1985 | AR4: 1986 | AS4: 1987 | AT4: 1988 | AU4: 1989 | AV4: 1990 | AW4: 1991 | AX4: 1992 | AY4: 1993 | AZ4: 1994 | BA4: 1995 | BB4: 1996 | BC4: 1997 | BD4: 1998 | BE4: 1999 | BF4: 2000
B5: Non bénéficiaires de la MDA | C5: =[33]Durées!R159 -> 148.77943 | D5: =[33]Durées!S159 -> 153.73077 | E5: =[33]Durées!T159 -> 155.97902 | F5: =[33]Durées!U159 -> 157.71143 | G5: =[33]Durées!V159 -> 158.68862 | H5: =[33]Durées!W159 -> 159.44181 | I5: =[33]Durées!X159 -> 159.47495 | J5: =[33]Durées!Y159 -> 160.49326 | ... BF5: =[33]Durées!BU159 -> 160.83254
B6: 1 ou 2 enfants y compris MDA | C6: =[33]Durées!R160 -> 152.02483 | D6: =[33]Durées!S160 -> 155.00881 | E6: =[33]Durées!T160 -> 157.09274 | F6: =[33]Durées!U160 -> 159.23256 | G6: =[33]Durées!V160 -> 161.16557 | H6: =[33]Durées!W160 -> 162.89575 | I6: =[33]Durées!X160 -> 164.90724 | J6: =[33]Durées!Y160 -> 166.56665 | ... BF6: =[33]Durées!BU160 -> 169.6098
B7: 3 enfants et plus y compris MDA | C7: =[33]Durées!R161 -> 123.27329 | D7: =[33]Durées!S161 -> 127.96535 | E7: =[33]Durées!T161 -> 130.90578 | F7: =[33]Durées!U161 -> 134.1456 | G7: =[33]Durées!V161 -> 136.80264 | H7: =[33]Durées!W161 -> 139.27877 | I7: =[33]Durées!X161 -> 141.95383 | J7: =[33]Durées!Y161 -> 145.30868 | ... BF7: =[33]Durées!BU161 -> 171.27563
B8: 1 ou 2 enfants hors MDA | C8: =[33]Durées!R163 -> 145.50955 | D8: =[33]Durées!S163 -> 148.55313 | E8: =[33]Durées!T163 -> 150.70601 | F8: =[33]Durées!U163 -> 152.9225 | G8: =[33]Durées!V163 -> 154.91066 | H8: =[33]Durées!W163 -> 156.70798 | I8: =[33]Durées!X163 -> 158.76888 | J8: =[33]Durées!Y163 -> 160.4474 | ... BF8: =[33]Durées!BU163 -> 166.22011
B9: 3 enfants et plus hors MDA | C9: =[33]Durées!R164 -> 112.06438 | D9: =[33]Durées!S164 -> 116.82385 | E9: =[33]Durées!T164 -> 119.92984 | F9: =[33]Durées!U164 -> 123.3434 | G9: =[33]Durées!V164 -> 126.16081 | H9: =[33]Durées!W164 -> 128.67392 | I9: =[33]Durées!X164 -> 131.35966 | J9: =[33]Durées!Y164 -> 134.63079 | ... BF9: =[33]Durées!BU164 -> 164.57401
B11: Note : ensemble des trimestres validés au titre de la MDA, que ces derniers soient utiles ou non au moment du départ à la retraite.
B12: Champ : ensemble des retraités de droit direct résidant en France et à l’étranger, pondérés pour être représentatifs des assurés ayant perçu une pension.
B13: Source : DREES, EIR 2020.

Sheet Fig A.5
A1: Figure A.5 - Part des retraitées de droit propre bénéficiaires de l’AVPF par génération et nombre moyen de trimestres validés à ce titre – Cnav
A2: Retour au sommaire
C4: 1930 | D4: 1931 | E4: 1932 | F4: 1933 | G4: 1934 | H4: 1935 | I4: 1936 | J4: 1937 | K4: 1938 | L4: 1939 | M4: 1940 | N4: 1941 | O4: 1942 | P4: 1943 | Q4: 1944 | R4: 1945 | S4: 1946 | T4: 1947 | U4: 1948 | V4: 1949 | W4: 1950 | X4: 1951 | Y4: 1952 | Z4: 1953 | AA4: 1954 | AB4: 1955 | AC4: 1956 | AD4: 1957 | AE4: 1958 | AF4: 1959 | AG4: 1960 | AH4: 1961 | AI4: 1962 | AJ4: 1963 | AK4: 1964 | AL4: 1965 | AM4: 1966 | AN4: 1967 | AO4: 1968 | AP4: 1969 | AQ4: 1970 | AR4: 1971 | AS4: 1972 | AT4: 1973 | AU4: 1974 | AV4: 1975 | AW4: 1976 | AX4: 1977 | AY4: 1978 | AZ4: 1979 | BA4: 1980 | BB4: 1981 | BC4: 1982 | BD4: 1983 | BE4: 1984 | BF4: 1985 | BG4: 1986 | BH4: 1987 | BI4: 1988 | BJ4: 1989 | BK4: 1990 | BL4: 1991 | BM4: 1992 | BN4: 1993 | BO4: 1994 | BP4: 1995 | BQ4: 1996 | BR4: 1997 | BS4: 1998 | BT4: 1999 | BU4: 2000
B5: Part des bénéficiaires | F5: =[32]Effectifs!E17 -> 0.18866744 | G5: =[32]Effectifs!F17 -> 0.21845886 | H5: =[32]Effectifs!G17 -> 0.2382462 | I5: =[32]Effectifs!H17 -> 0.26044658 | J5: =[32]Effectifs!I17 -> 0.27745345 | K5: =[32]Effectifs!J17 -> 0.29608192 | L5: =[32]Effectifs!K17 -> 0.31108359 | M5: =[32]Effectifs!L17 -> 0.32201447 | ... BU5: =[32]Effectifs!BT17 -> 0.53399593
B6: Nombre moyen de trimestres validés | F6: =[32]Durées!F74 -> 22.20839 | G6: =[32]Durées!G74 -> 22.952618 | H6: =[32]Durées!H74 -> 23.830078 | I6: =[32]Durées!I74 -> 24.620833 | J6: =[32]Durées!J74 -> 25.42548 | K6: =[32]Durées!K74 -> 26.143596 | L6: =[32]Durées!L74 -> 26.698001 | M6: =[32]Durées!M74 -> 27.180436 | ... BU6: =[32]Durées!BU74 -> 21.910279
B8: Champ : ensemble des femmes retraitées de droit direct.
B9: Source : Cnav modèle Prisme.
C12: Part des bénéficiaires | I12: Nombre moyen de trimestres validés

Sheet Fig A.6
A1: Figure A.6 - Part des retraités de droit propre bénéficiaires de la majoration de pension pour trois enfants et plus, par génération et régime
A2: Retour au sommaire
C4: 1930 | D4: 1931 | E4: 1932 | F4: 1933 | G4: 1934 | H4: 1935 | I4: 1936 | J4: 1937 | K4: 1938 | L4: 1939 | M4: 1940 | N4: 1941 | O4: 1942 | P4: 1943 | Q4: 1944 | R4: 1945 | S4: 1946 | T4: 1947 | U4: 1948 | V4: 1949 | W4: 1950 | X4: 1951 | Y4: 1952 | Z4: 1953 | AA4: 1954 | AB4: 1955 | AC4: 1956 | AD4: 1957 | AE4: 1958 | AF4: 1959 | AG4: 1960 | AH4: 1961 | AI4: 1962 | AJ4: 1963 | AK4: 1964 | AL4: 1965 | AM4: 1966 | AN4: 1967 | AO4: 1968 | AP4: 1969 | AQ4: 1970 | AR4: 1971 | AS4: 1972 | AT4: 1973 | AU4: 1974 | AV4: 1975 | AW4: 1976 | AX4: 1977 | AY4: 1978 | AZ4: 1979 | BA4: 1980 | BB4: 1981 | BC4: 1982 | BD4: 1983 | BE4: 1984 | BF4: 1985 | BG4: 1986 | BH4: 1987 | BI4: 1988 | BJ4: 1989 | BK4: 1990 | BL4: 1991 | BM4: 1992 | BN4: 1993 | BO4: 1994 | BP4: 1995 | BQ4: 1996 | BR4: 1997 | BS4: 1998 | BT4: 1999 | BU4: 2000
B5: Cnav | F5: =[32]Effectifs!E35 -> 0.47300713 | G5: =[32]Effectifs!F35 -> 0.47336891 | H5: =[32]Effectifs!G35 -> 0.47060482 | I5: =[32]Effectifs!H35 -> 0.46842736 | J5: =[32]Effectifs!I35 -> 0.46391043 | K5: =[32]Effectifs!J35 -> 0.45961752 | L5: =[32]Effectifs!K35 -> 0.45228469 | M5: =[32]Effectifs!L35 -> 0.44464607 | ... BU5: =[32]Effectifs!BT35 -> 0.25505823
B6: SRE - civils | R6: =[33]Effectifs!Q18 -> 0.23187415 | S6: =[33]Effectifs!R18 -> 0.22583131 | T6: =[33]Effectifs!S18 -> 0.22450805 | U6: =[33]Effectifs!T18 -> 0.22364754 | V6: =[33]Effectifs!U18 -> 0.22854451 | W6: =[33]Effectifs!V18 -> 0.23046745 | X6: =[33]Effectifs!W18 -> 0.23828947 | Y6: =[33]Effectifs!X18 -> 0.24553408 | ... BU6: =[33]Effectifs!BT18 -> 0.20104212
B7: CNRACL | C7: =[34]Effectifs!B41 -> 0.38379499 | D7: =[34]Effectifs!C41 -> 0.38477662 | E7: =[34]Effectifs!D41 -> 0.38079164 | F7: =[34]Effectifs!E41 -> 0.37963764 | G7: =[34]Effectifs!F41 -> 0.37819553 | H7: =[34]Effectifs!G41 -> 0.37649299 | I7: =[34]Effectifs!H41 -> 0.37391693 | J7: =[34]Effectifs!I41 -> 0.37287827 | ... BU7: =[34]Effectifs!BT41 -> 0.30198364
B8: Agirc-Arrco | N8: =[36]Effectifs!M20 -> 0.38406946 | O8: =[36]Effectifs!N20 -> 0.37781814 | P8: =[36]Effectifs!O20 -> 0.37250109 | Q8: =[36]Effectifs!P20 -> 0.36554833 | R8: =[36]Effectifs!Q20 -> 0.35887709 | S8: =[36]Effectifs!R20 -> 0.3537192 | T8: =[36]Effectifs!S20 -> 0.34812218 | U8: =[36]Effectifs!T20 -> 0.34409997 | ... BU8: =[36]Effectifs!BT20 -> 0.31367308
B10: Note : les données CNRACL sont en cours de consolidation.
B11: Champ : ensemble des retraités de droit direct.
B12: Source : Cnav modèle Prisme, SRE modèle Pablo, CNRACL modèle Canopée, Agirc-Arrco modèle Misraa

Sheet Fig A.7
A1: Figure A.7 - Part des bénéficiaires des départs anticipés pour 3 enfants et âge moyen de départ, par génération
A2: Retour au sommaire
D5: 1930 | E5: 1931 | F5: 1932 | G5: 1933 | H5: 1934 | I5: 1935 | J5: 1936 | K5: 1937 | L5: 1938 | M5: 1939 | N5: 1940 | O5: 1941 | P5: 1942 | Q5: 1943 | R5: 1944 | S5: 1945 | T5: 1946 | U5: 1947 | V5: 1948 | W5: 1949 | X5: 1950 | Y5: 1951 | Z5: 1952 | AA5: 1953
B6: Part des bénéficiaires | C6: Ensemble | D6: =[35]Effectifs!B51 -> 0.0065857077 | E6: =[35]Effectifs!C51 -> 0.0058623984 | F6: =[35]Effectifs!D51 -> 0.0053336832 | G6: =[35]Effectifs!E51 -> 0.0075696951 | H6: =[35]Effectifs!F51 -> 0.0069434848 | I6: =[35]Effectifs!G51 -> 0.0087704651 | J6: =[35]Effectifs!H51 -> 0.0082261917 | K6: =[35]Effectifs!I51 -> 0.010883094 | ... AA6: =[35]Effectifs!Y51 -> 0.014789405
C7: Femme | D7: =[35]Effectifs!B52 -> 0.013787169 | E7: =[35]Effectifs!C52 -> 0.012384127 | F7: =[35]Effectifs!D52 -> 0.011320686 | G7: =[35]Effectifs!E52 -> 0.016142091 | H7: =[35]Effectifs!F52 -> 0.014740239 | I7: =[35]Effectifs!G52 -> 0.018529269 | J7: =[35]Effectifs!H52 -> 0.017233085 | K7: =[35]Effectifs!I52 -> 0.022860941 | ... AA7: =[35]Effectifs!Y52 -> 0.027688789
C8: Homme | D8: =[35]Effectifs!B53 -> 0 | E8: =[35]Effectifs!C53 -> 0 | F8: =[35]Effectifs!D53 -> 0 | G8: =[35]Effectifs!E53 -> 0 | H8: =[35]Effectifs!F53 -> 0 | I8: =[35]Effectifs!G53 -> 0 | J8: =[35]Effectifs!H53 -> 0 | K8: =[35]Effectifs!I53 -> 0 | ... AA8: =[35]Effectifs!Y53 -> 0.0015669557
B9: Âge moyen | C9: Femme | D9: =[35]Effectifs!B62 -> 53.777075 | E9: =[35]Effectifs!C62 -> 53.039757 | F9: =[35]Effectifs!D62 -> 52.208862 | G9: =[35]Effectifs!E62 -> 52.300196 | H9: =[35]Effectifs!F62 -> 51.232239 | I9: =[35]Effectifs!G62 -> 51.462142 | J9: =[35]Effectifs!H62 -> 51.033906 | K9: =[35]Effectifs!I62 -> 52.205104 | ... AA9: =[35]Effectifs!Y62 -> 54.996218
B11: Champ : ensemble des retraités de droit direct résidant en France et à l’étranger, pondérés pour être représentatifs des assurés ayant perçu une pension.
B12: Source : DREES, EIR 2020.

Sheet Fig A.8
A1: Figure A.8 - Part des bénéficiaires des départs anticipés pour 3 enfants et âge moyen de départ, par génération et par régime
A2: Retour au sommaire
D5: 1930 | E5: 1931 | F5: 1932 | G5: 1933 | H5: 1934 | I5: 1935 | J5: 1936 | K5: 1937 | L5: 1938 | M5: 1939 | N5: 1940 | O5: 1941 | P5: 1942 | Q5: 1943 | R5: 1944 | S5: 1945 | T5: 1946 | U5: 1947 | V5: 1948 | W5: 1949 | X5: 1950 | Y5: 1951 | Z5: 1952 | AA5: 1953 | AB5: 1954 | AC5: 1955 | AD5: 1956 | AE5: 1957 | AF5: 1958 | AG5: 1959 | AH5: 1960 | AI5: 1961 | AJ5: 1962 | AK5: 1963 | AL5: 1964 | AM5: 1965 | AN5: 1966 | AO5: 1967 | AP5: 1968 | AQ5: 1969 | AR5: 1970 | AS5: 1971 | AT5: 1972 | AU5: 1973 | AV5: 1974 | AW5: 1975
B6: CNRACL | C6: =[34]Effectifs!A49 -> Ensemble | D6: =[34]Effectifs!B49 -> 0.098948304 | E6: =[34]Effectifs!C49 -> 0.1078111 | F6: =[34]Effectifs!D49 -> 0.11307094 | G6: =[34]Effectifs!E49 -> 0.11749088 | H6: =[34]Effectifs!F49 -> 0.12007048 | I6: =[34]Effectifs!G49 -> 0.12185431 | J6: =[34]Effectifs!H49 -> 0.12248232 | ... AW6: =[34]Effectifs!AU49 -> 0.001923473
C7: =[34]Effectifs!A50 -> Femmes | D7: =[34]Effectifs!B50 -> 0.13998324 | E7: =[34]Effectifs!C50 -> 0.15428255 | F7: =[34]Effectifs!D50 -> 0.1619452 | G7: =[34]Effectifs!E50 -> 0.16958231 | H7: =[34]Effectifs!F50 -> 0.17424271 | I7: =[34]Effectifs!G50 -> 0.17796878 | J7: =[34]Effectifs!H50 -> 0.18081763 | ... AW7: =[34]Effectifs!AU50 -> 0.0029811115
C8: =[34]Effectifs!A51 -> Hommes | D8: =[34]Effectifs!B51 -> 0 | E8: =[34]Effectifs!C51 -> 0 | F8: =[34]Effectifs!D51 -> 0 | G8: =[34]Effectifs!E51 -> 0 | H8: =[34]Effectifs!F51 -> 0 | I8: =[34]Effectifs!G51 -> 0 | J8: =[34]Effectifs!H51 -> 0 | ... AW8: =[34]Effectifs!AU51 -> 0
C9: Femmes ayant 3 enfants et plus | D9: =[34]Effectifs!B69 -> 0.36724638 | E9: =[34]Effectifs!C69 -> 0.40331087 | F9: =[34]Effectifs!D69 -> 0.42732711 | G9: =[34]Effectifs!E69 -> 0.44802793 | H9: =[34]Effectifs!F69 -> 0.46060935 | I9: =[34]Effectifs!G69 -> 0.4724572 | J9: =[34]Effectifs!H69 -> 0.4827797 | K9: =[34]Effectifs!I69 -> 0.49066702 | ... AW9: =[34]Effectifs!AU69 -> 0.0014913936
B10: SRE | C10: Ensemble | S10: =[33]Effectifs!Q29 -> 0.074213406 | T10: =[33]Effectifs!R29 -> 0.070933736 | U10: =[33]Effectifs!S29 -> 0.070517263 | V10: =[33]Effectifs!T29 -> 0.068403563 | W10: =[33]Effectifs!U29 -> 0.069597863 | X10: =[33]Effectifs!V29 -> 0.072119492 | Y10: =[33]Effectifs!W29 -> 0.073457226 | Z10: =[33]Effectifs!X29 -> 0.075758236 | ... AW10: =[33]Effectifs!AU29 -> 0.0033569407
C11: Femmes | S11: =[33]Effectifs!Q30 -> 0.12855377 | T11: =[33]Effectifs!R30 -> 0.1188542 | U11: =[33]Effectifs!S30 -> 0.11843618 | V11: =[33]Effectifs!T30 -> 0.11498585 | W11: =[33]Effectifs!U30 -> 0.11818661 | X11: =[33]Effectifs!V30 -> 0.12446199 | Y11: =[33]Effectifs!W30 -> 0.12718389 | Z11: =[33]Effectifs!X30 -> 0.13301421 | ... AW11: =[33]Effectifs!AU30 -> 0.0058473232
C12: Hommes | S12: =[33]Effectifs!Q31 -> 0.0068912711 | T12: =[33]Effectifs!R31 -> 0.013080967 | U12: =[33]Effectifs!S31 -> 0.013356038 | V12: =[33]Effectifs!T31 -> 0.013220664 | W12: =[33]Effectifs!U31 -> 0.012045024 | X12: =[33]Effectifs!V31 -> 0.010925324 | Y12: =[33]Effectifs!W31 -> 0.010862633 | Z12: =[33]Effectifs!X31 -> 0.010304674 | ... AW12: =[33]Effectifs!AU31 -> 0
C13: Femmes ayant 3 enfants et plus | S13: =[33]Effectifs!Q49 -> 0.56545961 | T13: =[33]Effectifs!R49 -> 0.54433957 | U13: =[33]Effectifs!S49 -> 0.54516121 | V13: =[33]Effectifs!T49 -> 0.53704854 | W13: =[33]Effectifs!U49 -> 0.53916141 | X13: =[33]Effectifs!V49 -> 0.54998606 | Y13: =[33]Effectifs!W49 -> 0.54789901 | Z13: =[33]Effectifs!X49 -> 0.5427189 | ... AW13: =[33]Effectifs!AU49 -> 0.025668582
B15: Note : les départs anticipés pour 3 enfants et plus n’étant pas projetés, le dispositif étant en extinction depuis 2012, les âges moyens de départ chutent donc fortement au fil des générations.
B16: Champ : ensemble des retraités de droit direct.
B17: Source : CNRACL Canopée, SRE Pablo.
D20: CNRACL | J20: SRE

Sheet Fig A.9
A1: Figure A.9 - Âge moyen de départ à la retraite des femmes bénéficiaires du dispositif et des femmes de 3 enfants et plus, par génération et par régime
A2: Retour au sommaire
D5: 1930 | E5: 1931 | F5: 1932 | G5: 1933 | H5: 1934 | I5: 1935 | J5: 1936 | K5: 1937 | L5: 1938 | M5: 1939 | N5: 1940 | O5: 1941 | P5: 1942 | Q5: 1943 | R5: 1944 | S5: 1945 | T5: 1946 | U5: 1947 | V5: 1948 | W5: 1949 | X5: 1950 | Y5: 1951 | Z5: 1952 | AA5: 1953 | AB5: 1954 | AC5: 1955 | AD5: 1956 | AE5: 1957 | AF5: 1958 | AG5: 1959 | AH5: 1960 | AI5: 1961 | AJ5: 1962 | AK5: 1963 | AL5: 1964 | AM5: 1965 | AN5: 1966 | AO5: 1967 | AP5: 1968 | AQ5: 1969 | AR5: 1970 | AS5: 1971 | AT5: 1972 | AU5: 1973 | AV5: 1974 | AW5: 1975
B6: CNRACL | C6: Femmes bénéficiaires | D6: =[34]Effectifs!B59 -> 55.02 | E6: =[34]Effectifs!C59 -> 54.913333 | F6: =[34]Effectifs!D59 -> 54.676 | G6: =[34]Effectifs!E59 -> 54.476 | H6: =[34]Effectifs!F59 -> 54.246 | I6: =[34]Effectifs!G59 -> 53.936 | J6: =[34]Effectifs!H59 -> 53.678 | K6: =[34]Effectifs!I59 -> 53.44 | ... AW6: =[34]Effectifs!AU59 -> 36.176
C7: Femmes ayant 3 enfants et plus | D7: =[34]Effectifs!B86 -> 58.19 | E7: =[34]Effectifs!C86 -> 57.976667 | F7: =[34]Effectifs!D86 -> 57.722 | G7: =[34]Effectifs!E86 -> 57.49 | H7: =[34]Effectifs!F86 -> 57.264 | I7: =[34]Effectifs!G86 -> 57.024 | J7: =[34]Effectifs!H86 -> 56.798 | K7: =[34]Effectifs!I86 -> 56.6 | ... AW7: =[34]Effectifs!AU86 -> 63.586
B8: SRE | C8: Femmes bénéficiaires | S8: =[33]Effectifs!Q40 -> 51.483974 | T8: =[33]Effectifs!R40 -> 51.427564 | U8: =[33]Effectifs!S40 -> 51.645257 | V8: =[33]Effectifs!T40 -> 51.549427 | W8: =[33]Effectifs!U40 -> 51.722065 | X8: =[33]Effectifs!V40 -> 51.827513 | Y8: =[33]Effectifs!W40 -> 51.763378 | Z8: =[33]Effectifs!X40 -> 51.778476 | ... AW8: =[33]Effectifs!AU40 -> 56.375
C9: Femmes ayant 3 enfants et plus | S9: =[33]Effectifs!Q69 -> 55.447075 | T9: =[33]Effectifs!R69 -> 55.584632 | U9: =[33]Effectifs!S69 -> 55.734232 | V9: =[33]Effectifs!T69 -> 55.771753 | W9: =[33]Effectifs!U69 -> 55.907109 | X9: =[33]Effectifs!V69 -> 55.962104 | Y9: =[33]Effectifs!W69 -> 56.094319 | Z9: =[33]Effectifs!X69 -> 56.24987 | ... BV9: =[33]Effectifs!BT69 -> 65.659946
B11: Champ : ensemble des femmes retraitées de droit direct.
B12: Source : CNRACL Canopée, SRE Pablo.
D16: CNRACL | J16: SRE

Sheet Tab B.1
A1: Tableau B.1 - Attribution de 8 trimestres de MDA quel que soit le régime d’affiliation - génération 2000
A2: Retour au sommaire
D4: ='[37]TABLEAU FINAL'!D3 -> Nombre d'enfants | E4: ='[37]TABLEAU FINAL'!E3 -> Durée validée totale moyenne (écart en trimestres) | F4: ='[37]TABLEAU FINAL'!F3 -> Âge de départ (écart en année) | G4: ='[37]TABLEAU FINAL'!G3 -> Pension moyenne 68 ans | H4: ='[37]TABLEAU FINAL'!H3 -> Pension moyenne CV
B5: ='[37]TABLEAU FINAL'!B4 -> Femmes | C5: ='[37]TABLEAU FINAL'!C4 -> 0 | D5: ='[37]TABLEAU FINAL'!D4 -> Ensemble | E5: ='[37]TABLEAU FINAL'!E4 -> 1.6629517 | F5: ='[37]TABLEAU FINAL'!F4 -> -0.072031768 | G5: ='[37]TABLEAU FINAL'!G4 -> 0.018508938 | H5: ='[37]TABLEAU FINAL'!H4 -> 0.022372717
B6: ='[37]TABLEAU FINAL'!B5 -> Hommes | C6: ='[37]TABLEAU FINAL'!C5 -> 0 | D6: ='[37]TABLEAU FINAL'!D5 -> Ensemble | E6: ='[37]TABLEAU FINAL'!E5 -> - | F6: ='[37]TABLEAU FINAL'!F5 -> - | G6: ='[37]TABLEAU FINAL'!G5 -> - | H6: ='[37]TABLEAU FINAL'!H5 -> -
B7: ='[37]TABLEAU FINAL'!B6 -> Selon le nombre d'enfants | C7: ='[37]TABLEAU FINAL'!C6 -> 0 | D7: ='[37]TABLEAU FINAL'!D6 -> 0 | E7: ='[37]TABLEAU FINAL'!E6 -> 0 | F7: ='[37]TABLEAU FINAL'!F6 -> 0 | G7: ='[37]TABLEAU FINAL'!G6 -> 0 | H7: ='[37]TABLEAU FINAL'!H6 -> 0
B8: ='[37]TABLEAU FINAL'!B7 -> Femmes | C8: ='[37]TABLEAU FINAL'!C7 -> 0 | D8: ='[37]TABLEAU FINAL'!D7 -> 1 | E8: ='[37]TABLEAU FINAL'!E7 -> 0.91632683 | F8: ='[37]TABLEAU FINAL'!F7 -> -0.062017201 | G8: ='[37]TABLEAU FINAL'!G7 -> 0.010426101 | H8: ='[37]TABLEAU FINAL'!H7 -> 0.013025468
B9: ='[37]TABLEAU FINAL'!B8 -> 0 | C9: ='[37]TABLEAU FINAL'!C8 -> 0 | D9: ='[37]TABLEAU FINAL'!D8 -> 2 | E9: ='[37]TABLEAU FINAL'!E8 -> 1.7678096 | F9: ='[37]TABLEAU FINAL'!F8 -> -0.086990669 | G9: ='[37]TABLEAU FINAL'!G8 -> 0.021782489 | H9: ='[37]TABLEAU FINAL'!H8 -> 0.0265928
B10: ='[37]TABLEAU FINAL'!B9 -> 0 | C10: ='[37]TABLEAU FINAL'!C9 -> 0 | D10: ='[37]TABLEAU FINAL'!D9 -> 3 et plus | E10: ='[37]TABLEAU FINAL'!E9 -> 2.691802 | F10: ='[37]TABLEAU FINAL'!F9 -> -0.086962556 | G10: ='[37]TABLEAU FINAL'!G9 -> 0.026678632 | H10: ='[37]TABLEAU FINAL'!H9 -> 0.031381183
B11: ='[37]TABLEAU FINAL'!B10 -> Selon le régime d'affiliation | C11: ='[37]TABLEAU FINAL'!C10 -> 0 | D11: ='[37]TABLEAU FINAL'!D10 -> 0 | E11: ='[37]TABLEAU FINAL'!E10 -> 0 | F11: ='[37]TABLEAU FINAL'!F10 -> 0 | G11: ='[37]TABLEAU FINAL'!G10 -> 0 | H11: ='[37]TABLEAU FINAL'!H10 -> 0
B12: ='[37]TABLEAU FINAL'!B11 -> Femmes | C12: ='[37]TABLEAU FINAL'!C11 -> Mono Lura | D12: ='[37]TABLEAU FINAL'!D11 -> 1 | E12: ='[37]TABLEAU FINAL'!E11 -> 0.16441557 | F12: ='[37]TABLEAU FINAL'!F11 -> -0.0049246797 | G12: ='[37]TABLEAU FINAL'!G11 -> 0.0010773237 | H12: ='[37]TABLEAU FINAL'!H11 -> 0.0013842068
B13: ='[37]TABLEAU FINAL'!B12 -> 0 | C13: ='[37]TABLEAU FINAL'!C12 -> 0 | D13: ='[37]TABLEAU FINAL'!D12 -> 2 | E13: ='[37]TABLEAU FINAL'!E12 -> 0.24282098 | F13: ='[37]TABLEAU FINAL'!F12 -> -0.0076229664 | G13: ='[37]TABLEAU FINAL'!G12 -> 0.0042042481 | H13: ='[37]TABLEAU FINAL'!H12 -> 0.0049275215
B14: ='[37]TABLEAU FINAL'!B13 -> 0 | C14: ='[37]TABLEAU FINAL'!C13 -> 0 | D14: ='[37]TABLEAU FINAL'!D13 -> 3 et plus | E14: ='[37]TABLEAU FINAL'!E13 -> 0.38022982 | F14: ='[37]TABLEAU FINAL'!F13 -> -0.008227277 | G14: ='[37]TABLEAU FINAL'!G13 -> 0.0039413672 | H14: ='[37]TABLEAU FINAL'!H13 -> 0.0041786849
B15: ='[37]TABLEAU FINAL'!B14 -> 0 | C15: ='[37]TABLEAU FINAL'!C14 -> Mono FP-RS | D15: ='[37]TABLEAU FINAL'!D14 -> 1 | E15: ='[37]TABLEAU FINAL'!E14 -> 2.964156 | F15: ='[37]TABLEAU FINAL'!F14 -> -0.2633769 | G15: ='[37]TABLEAU FINAL'!G14 -> 0.0070405742 | H15: ='[37]TABLEAU FINAL'!H14 -> 0.013588034
B16: ='[37]TABLEAU FINAL'!B15 -> 0 | C16: ='[37]TABLEAU FINAL'!C15 -> 0 | D16: ='[37]TABLEAU FINAL'!D15 -> 2 | E16: ='[37]TABLEAU FINAL'!E15 -> 7.1636578 | F16: ='[37]TABLEAU FINAL'!F15 -> -0.36166655 | G16: ='[37]TABLEAU FINAL'!G15 -> 0.066973278 | H16: ='[37]TABLEAU FINAL'!H15 -> 0.081656287
... B42: ='[37]TABLEAU FINAL'!B41 -> 0 | C42: ='[37]TABLEAU FINAL'!C41 -> 0 | D42: ='[37]TABLEAU FINAL'!D41 -> 3 et plus | E42: ='[37]TABLEAU FINAL'!E41 -> 3.0485071 | F42: ='[37]TABLEAU FINAL'!F41 -> -0.11910904 | G42: ='[37]TABLEAU FINAL'!G41 -> 0.02172666 | H42: ='[37]TABLEAU FINAL'!H41 -> 0.027348193
B44: Source : Drees – modèle Trajectoire

Sheet Tab B.2
A1: Tableau B.2 - Attribution de 4 trimestres de MDA quel que soit le régime d’affiliation - génération 2000
A2: Retour au sommaire
D4: ='[38]TABLEAU FINAL'!D3 -> Nombre d'enfants | E4: ='[38]TABLEAU FINAL'!E3 -> Durée validée totale moyenne (écart en trimestres) | F4: ='[38]TABLEAU FINAL'!F3 -> Âge de départ (écart en année) | G4: ='[38]TABLEAU FINAL'!G3 -> Pension moyenne 68 ans | H4: ='[38]TABLEAU FINAL'!H3 -> Pension moyenne CV
B5: ='[38]TABLEAU FINAL'!B4 -> Femmes | D5: ='[38]TABLEAU FINAL'!D4 -> Ensemble | E5: ='[38]TABLEAU FINAL'!E4 -> -3.2193994 | F5: ='[38]TABLEAU FINAL'!F4 -> 0.040092886 | G5: ='[38]TABLEAU FINAL'!G4 -> 0.0014382383 | H5: ='[38]TABLEAU FINAL'!H4 -> 0.00053577657
B6: ='[38]TABLEAU FINAL'!B5 -> Hommes | D6: ='[38]TABLEAU FINAL'!D5 -> Ensemble | E6: ='[38]TABLEAU FINAL'!E5 -> - | F6: ='[38]TABLEAU FINAL'!F5 -> - | G6: ='[38]TABLEAU FINAL'!G5 -> - | H6: ='[38]TABLEAU FINAL'!H5 -> -
B7: ='[38]TABLEAU FINAL'!B6 -> Selon le nombre d'enfants
B8: ='[38]TABLEAU FINAL'!B7 -> Femmes | D8: ='[38]TABLEAU FINAL'!D7 -> 1 | E8: ='[38]TABLEAU FINAL'!E7 -> -1.5721505 | F8: ='[38]TABLEAU FINAL'!F7 -> 0.046663418 | G8: ='[38]TABLEAU FINAL'!G7 -> -0.0019066394 | H8: ='[38]TABLEAU FINAL'!H7 -> -0.0039939413
D9: ='[38]TABLEAU FINAL'!D8 -> 2 | E9: ='[38]TABLEAU FINAL'!E8 -> -3.340057 | F9: ='[38]TABLEAU FINAL'!F8 -> 0.045935244 | G9: ='[38]TABLEAU FINAL'!G8 -> 0.0023283348 | H9: ='[38]TABLEAU FINAL'!H8 -> 0.001193254
D10: ='[38]TABLEAU FINAL'!D9 -> 3 et plus | E10: ='[38]TABLEAU FINAL'!E9 -> -5.4445146 | F10: ='[38]TABLEAU FINAL'!F9 -> 0.043330573 | G10: ='[38]TABLEAU FINAL'!G9 -> 0.0029902597 | H10: ='[38]TABLEAU FINAL'!H9 -> 0.0028072361
B11: ='[38]TABLEAU FINAL'!B10 -> Selon le régime d'affiliation
B12: ='[38]TABLEAU FINAL'!B11 -> Femmes | C12: ='[38]TABLEAU FINAL'!C11 -> Mono Lura | D12: ='[38]TABLEAU FINAL'!D11 -> 1 | E12: ='[38]TABLEAU FINAL'!E11 -> -2.3907319 | F12: ='[38]TABLEAU FINAL'!F11 -> 0.087462958 | G12: ='[38]TABLEAU FINAL'!G11 -> -0.0076424049 | H12: ='[38]TABLEAU FINAL'!H11 -> -0.011381783
D13: ='[38]TABLEAU FINAL'!D12 -> 2 | E13: ='[38]TABLEAU FINAL'!E12 -> -4.9273812 | F13: ='[38]TABLEAU FINAL'!F12 -> 0.098631464 | G13: ='[38]TABLEAU FINAL'!G12 -> -0.010849796 | H13: ='[38]TABLEAU FINAL'!H12 -> -0.014843465
D14: ='[38]TABLEAU FINAL'!D13 -> 3 et plus | E14: ='[38]TABLEAU FINAL'!E13 -> -7.8961484 | F14: ='[38]TABLEAU FINAL'!F13 -> 0.10050374 | G14: ='[38]TABLEAU FINAL'!G13 -> -0.012144612 | H14: ='[38]TABLEAU FINAL'!H13 -> -0.015113618
C15: ='[38]TABLEAU FINAL'!C14 -> Mono FP-RS | D15: ='[38]TABLEAU FINAL'!D14 -> 1 | E15: ='[38]TABLEAU FINAL'!E14 -> 0.87455064 | F15: ='[38]TABLEAU FINAL'!F14 -> -0.11528315 | G15: ='[38]TABLEAU FINAL'!G14 -> -0.0078911146 | H15: ='[38]TABLEAU FINAL'!H14 -> -0.0074671881
D16: ='[38]TABLEAU FINAL'!D15 -> 2 | E16: ='[38]TABLEAU FINAL'!E15 -> 2.0027254 | F16: ='[38]TABLEAU FINAL'!F15 -> -0.17035198 | G16: ='[38]TABLEAU FINAL'!G15 -> 0.036234158 | H16: ='[38]TABLEAU FINAL'!H15 -> 0.043534513
D17: ='[38]TABLEAU FINAL'!D16 -> 3 et plus | E17: ='[38]TABLEAU FINAL'!E16 -> 3.5725269 | F17: ='[38]TABLEAU FINAL'!F16 -> -0.18774326 | G17: ='[38]TABLEAU FINAL'!G16 -> 0.042887956 | H17: ='[38]TABLEAU FINAL'!H16 -> 0.052698183
C18: ='[38]TABLEAU FINAL'!C17 -> Mono MSAE-PLIB | D18: ='[38]TABLEAU FINAL'!D17 -> 1 | E18: ='[38]TABLEAU FINAL'!E17 -> -3.2430301 | F18: ='[38]TABLEAU FINAL'!F17 -> 0.020135903 | G18: ='[38]TABLEAU FINAL'!G17 -> 0.0023728178 | H18: ='[38]TABLEAU FINAL'!H17 -> -0.0010036242
D19: ='[38]TABLEAU FINAL'!D18 -> 2 | E19: ='[38]TABLEAU FINAL'!E18 -> -0.1061263 | F19: ='[38]TABLEAU FINAL'!F18 -> 0.03551817 | G19: ='[38]TABLEAU FINAL'!G18 -> 0.030685541 | H19: ='[38]TABLEAU FINAL'!H18 -> 0.028178493
D20: ='[38]TABLEAU FINAL'!D19 -> 3 et plus | E20: ='[38]TABLEAU FINAL'!E19 -> n.a | F20: ='[38]TABLEAU FINAL'!F19 -> n.a | G20: ='[38]TABLEAU FINAL'!G19 -> n.a | H20: ='[38]TABLEAU FINAL'!H19 -> n.a
C21: ='[38]TABLEAU FINAL'!C20 -> Poly Lura-FP-RS | D21: ='[38]TABLEAU FINAL'!D20 -> 1 | E21: ='[38]TABLEAU FINAL'!E20 -> 1.1269076 | F21: ='[38]TABLEAU FINAL'!F20 -> -0.075788915 | G21: ='[38]TABLEAU FINAL'!G20 -> 0.017562822 | H21: ='[38]TABLEAU FINAL'!H20 -> 0.021361389
D22: ='[38]TABLEAU FINAL'!D21 -> 2 | E22: ='[38]TABLEAU FINAL'!E21 -> 2.1650622 | F22: ='[38]TABLEAU FINAL'!F21 -> -0.13821047 | G22: ='[38]TABLEAU FINAL'!G21 -> 0.036321364 | H22: ='[38]TABLEAU FINAL'!H21 -> 0.042114793
D23: ='[38]TABLEAU FINAL'!D22 -> 3 et plus | E23: ='[38]TABLEAU FINAL'!E22 -> 3.2320339 | F23: ='[38]TABLEAU FINAL'!F22 -> -0.16684706 | G23: ='[38]TABLEAU FINAL'!G22 -> 0.047626755 | H23: ='[38]TABLEAU FINAL'!H22 -> 0.053749357
C24: ='[38]TABLEAU FINAL'!C23 -> Poly Lura-MSAE-PLIB | D24: ='[38]TABLEAU FINAL'!D23 -> 1 | E24: ='[38]TABLEAU FINAL'!E23 -> -2.3376937 | F24: ='[38]TABLEAU FINAL'!F23 -> 0.096052549 | G24: ='[38]TABLEAU FINAL'!G23 -> -0.0035945858 | H24: ='[38]TABLEAU FINAL'!H23 -> -0.007482558
D25: ='[38]TABLEAU FINAL'!D24 -> 2 | E25: ='[38]TABLEAU FINAL'!E24 -> -5.0518325 | F25: ='[38]TABLEAU FINAL'!F24 -> 0.13779142 | G25: ='[38]TABLEAU FINAL'!G24 -> -0.0045694404 | H25: ='[38]TABLEAU FINAL'!H24 -> -0.010054008
D26: ='[38]TABLEAU FINAL'!D25 -> 3 et plus | E26: ='[38]TABLEAU FINAL'!E25 -> -6.9086521 | F26: ='[38]TABLEAU FINAL'!F25 -> 0.14657414 | G26: ='[38]TABLEAU FINAL'!G25 -> -0.011323837 | H26: ='[38]TABLEAU FINAL'!H25 -> -0.016577584
B27: ='[38]TABLEAU FINAL'!B26 -> Selon le quintile de pension
B28: ='[38]TABLEAU FINAL'!B27 -> Femmes | C28: ='[38]TABLEAU FINAL'!C27 -> Q1 | D28: ='[38]TABLEAU FINAL'!D27 -> 1 | E28: ='[38]TABLEAU FINAL'!E27 -> -2.274611 | F28: ='[38]TABLEAU FINAL'!F27 -> 0.0044157531 | G28: ='[38]TABLEAU FINAL'!G27 -> -0.018277754 | H28: ='[38]TABLEAU FINAL'!H27 -> -0.016876686
D29: ='[38]TABLEAU FINAL'!D28 -> 2 | E29: ='[38]TABLEAU FINAL'!E28 -> -4.7755668 | F29: ='[38]TABLEAU FINAL'!F28 -> 0.016097849 | G29: ='[38]TABLEAU FINAL'!G28 -> -0.035917467 | H29: ='[38]TABLEAU FINAL'!H28 -> -0.03619775
D30: ='[38]TABLEAU FINAL'!D29 -> 3 et plus | E30: ='[38]TABLEAU FINAL'!E29 -> -7.5988923 | F30: ='[38]TABLEAU FINAL'!F29 -> 0.019298425 | G30: ='[38]TABLEAU FINAL'!G29 -> -0.050084647 | H30: ='[38]TABLEAU FINAL'!H29 -> -0.050529581
C31: ='[38]TABLEAU FINAL'!C30 -> Q2 | D31: ='[38]TABLEAU FINAL'!D30 -> 1 | E31: ='[38]TABLEAU FINAL'!E30 -> -1.49643 | F31: ='[38]TABLEAU FINAL'!F30 -> 0.060025832 | G31: ='[38]TABLEAU FINAL'!G30 -> -0.0019474434 | H31: ='[38]TABLEAU FINAL'!H30 -> -0.0040457353
D32: ='[38]TABLEAU FINAL'!D31 -> 2 | E32: ='[38]TABLEAU FINAL'!E31 -> -3.2592486 | F32: ='[38]TABLEAU FINAL'!F31 -> 0.064486545 | G32: ='[38]TABLEAU FINAL'!G31 -> -0.00038978209 | H32: ='[38]TABLEAU FINAL'!H31 -> -0.0010849018
D33: ='[38]TABLEAU FINAL'!D32 -> 3 et plus | E33: ='[38]TABLEAU FINAL'!E32 -> -6.6369989 | F33: ='[38]TABLEAU FINAL'!F32 -> 0.14046431 | G33: ='[38]TABLEAU FINAL'!G32 -> -0.0083869977 | H33: ='[38]TABLEAU FINAL'!H32 -> -0.012050929
C34: ='[38]TABLEAU FINAL'!C33 -> Q3 | D34: ='[38]TABLEAU FINAL'!D33 -> 1 | E34: ='[38]TABLEAU FINAL'!E33 -> -1.2247643 | F34: ='[38]TABLEAU FINAL'!F33 -> 0.031114847 | G34: ='[38]TABLEAU FINAL'!G33 -> 0.0012806569 | H34: ='[38]TABLEAU FINAL'!H33 -> 0.00023178886
D35: ='[38]TABLEAU FINAL'!D34 -> 2 | E35: ='[38]TABLEAU FINAL'!E34 -> -2.7098904 | F35: ='[38]TABLEAU FINAL'!F34 -> 0.044769875 | G35: ='[38]TABLEAU FINAL'!G34 -> 0.0047227121 | H35: ='[38]TABLEAU FINAL'!H34 -> 0.003247117
D36: ='[38]TABLEAU FINAL'!D35 -> 3 et plus | E36: ='[38]TABLEAU FINAL'!E35 -> -3.6727589 | F36: ='[38]TABLEAU FINAL'!F35 -> -0.00029609863 | G36: ='[38]TABLEAU FINAL'!G35 -> 0.0092088123 | H36: ='[38]TABLEAU FINAL'!H35 -> 0.0089334837
C37: ='[38]TABLEAU FINAL'!C36 -> Q4 | D37: ='[38]TABLEAU FINAL'!D36 -> 1 | E37: ='[38]TABLEAU FINAL'!E36 -> -1.3071192 | F37: ='[38]TABLEAU FINAL'!F36 -> 0.097868882 | G37: ='[38]TABLEAU FINAL'!G36 -> 0.0019823499 | H37: ='[38]TABLEAU FINAL'!H36 -> 0.00018585154
D38: ='[38]TABLEAU FINAL'!D37 -> 2 | E38: ='[38]TABLEAU FINAL'!E37 -> -2.8173751 | F38: ='[38]TABLEAU FINAL'!F37 -> 0.031209161 | G38: ='[38]TABLEAU FINAL'!G37 -> 0.0060406521 | H38: ='[38]TABLEAU FINAL'!H37 -> 0.005665331
D39: ='[38]TABLEAU FINAL'!D38 -> 3 et plus | E39: ='[38]TABLEAU FINAL'!E38 -> -4.717492 | F39: ='[38]TABLEAU FINAL'!F38 -> 0.015897525 | G39: ='[38]TABLEAU FINAL'!G38 -> 0.011150218 | H39: ='[38]TABLEAU FINAL'!H38 -> 0.01146758
C40: ='[38]TABLEAU FINAL'!C39 -> Q5 | D40: ='[38]TABLEAU FINAL'!D39 -> 1 | E40: ='[38]TABLEAU FINAL'!E39 -> -1.68001 | F40: ='[38]TABLEAU FINAL'!F39 -> 0.059235776 | G40: ='[38]TABLEAU FINAL'!G39 -> -0.0042189502 | H40: ='[38]TABLEAU FINAL'!H39 -> -0.0082802321
D41: ='[38]TABLEAU FINAL'!D40 -> 2 | E41: ='[38]TABLEAU FINAL'!E40 -> -3.6607391 | F41: ='[38]TABLEAU FINAL'!F40 -> 0.081290248 | G41: ='[38]TABLEAU FINAL'!G40 -> 0.0044837569 | H41: ='[38]TABLEAU FINAL'!H40 -> 0.0019407448
D42: ='[38]TABLEAU FINAL'!D41 -> 3 et plus | E42: ='[38]TABLEAU FINAL'!E41 -> -4.9032571 | F42: ='[38]TABLEAU FINAL'!F41 -> 0.026810043 | G42: ='[38]TABLEAU FINAL'!G41 -> 0.0076244431 | H42: ='[38]TABLEAU FINAL'!H41 -> 0.0075912963
B44: Source : Drees – modèle Trajectoire

Sheet Tab B.3
A1: Tableau B.3 - Attribution de 2 trimestres de MDA quel que soit le régime d’affiliation - génération 2000
A2: Retour au sommaire
D4: ='[39]TABLEAU FINAL'!D3 -> Nombre d'enfants | E4: ='[39]TABLEAU FINAL'!E3 -> Durée validée totale moyenne (écart en trimestres) | F4: ='[39]TABLEAU FINAL'!F3 -> Âge de départ (écart en année) | G4: ='[39]TABLEAU FINAL'!G3 -> Pension moyenne 68 ans | H4: ='[39]TABLEAU FINAL'!H3 -> Pension moyenne CV
B5: ='[39]TABLEAU FINAL'!B4 -> Femmes | D5: ='[39]TABLEAU FINAL'!D4 -> Ensemble | E5: ='[39]TABLEAU FINAL'!E4 -> -5.5213751 | F5: ='[39]TABLEAU FINAL'!F4 -> 0.11817101 | G5: ='[39]TABLEAU FINAL'!G4 -> -0.0070513834 | H5: ='[39]TABLEAU FINAL'!H4 -> -0.011387155
B6: ='[39]TABLEAU FINAL'!B5 -> Hommes | D6: ='[39]TABLEAU FINAL'!D5 -> Ensemble | E6: ='[39]TABLEAU FINAL'!E5 -> - | F6: ='[39]TABLEAU FINAL'!F5 -> - | G6: ='[39]TABLEAU FINAL'!G5 -> - | H6: ='[39]TABLEAU FINAL'!H5 -> -
B7: ='[39]TABLEAU FINAL'!B6 -> Selon le nombre d'enfants
B8: ='[39]TABLEAU FINAL'!B7 -> Femmes | D8: ='[39]TABLEAU FINAL'!D7 -> 1 | E8: ='[39]TABLEAU FINAL'!E7 -> -2.6258468 | F8: ='[39]TABLEAU FINAL'!F7 -> 0.11066749 | G8: ='[39]TABLEAU FINAL'!G7 -> -0.0038183988 | H8: ='[39]TABLEAU FINAL'!H7 -> -0.0084938482
D9: ='[39]TABLEAU FINAL'!D8 -> 2 | E9: ='[39]TABLEAU FINAL'!E8 -> -5.7860156 | F9: ='[39]TABLEAU FINAL'!F8 -> 0.13996205 | G9: ='[39]TABLEAU FINAL'!G8 -> -0.0087004551 | H9: ='[39]TABLEAU FINAL'!H8 -> -0.013791026
D10: ='[39]TABLEAU FINAL'!D9 -> 3 et plus | E10: ='[39]TABLEAU FINAL'!E9 -> -9.3169774 | F10: ='[39]TABLEAU FINAL'!F9 -> 0.14016487 | G10: ='[39]TABLEAU FINAL'!G9 -> -0.0097166868 | H10: ='[39]TABLEAU FINAL'!H9 -> -0.014405818
B11: ='[39]TABLEAU FINAL'!B10 -> Selon le régime d'affiliation
B12: ='[39]TABLEAU FINAL'!B11 -> Femmes | C12: ='[39]TABLEAU FINAL'!C11 -> Mono Lura | D12: ='[39]TABLEAU FINAL'!D11 -> 1 | E12: ='[39]TABLEAU FINAL'!E11 -> -3.4088594 | F12: ='[39]TABLEAU FINAL'!F11 -> 0.14829112 | G12: ='[39]TABLEAU FINAL'!G11 -> -0.0087510074 | H12: ='[39]TABLEAU FINAL'!H11 -> -0.015739565
D13: ='[39]TABLEAU FINAL'!D12 -> 2 | E13: ='[39]TABLEAU FINAL'!E12 -> -7.4212427 | F13: ='[39]TABLEAU FINAL'!F12 -> 0.17803443 | G13: ='[39]TABLEAU FINAL'!G12 -> -0.019285696 | H13: ='[39]TABLEAU FINAL'!H12 -> -0.026447824
D14: ='[39]TABLEAU FINAL'!D13 -> 3 et plus | E14: ='[39]TABLEAU FINAL'!E13 -> -11.847611 | F14: ='[39]TABLEAU FINAL'!F13 -> 0.17716738 | G14: ='[39]TABLEAU FINAL'!G13 -> -0.021247031 | H14: ='[39]TABLEAU FINAL'!H13 -> -0.027580375
C15: ='[39]TABLEAU FINAL'!C14 -> Mono FP-RS | D15: ='[39]TABLEAU FINAL'!D14 -> 1 | E15: ='[39]TABLEAU FINAL'!E14 -> -0.050136326 | F15: ='[39]TABLEAU FINAL'!F14 -> 0 | G15: ='[39]TABLEAU FINAL'!G14 -> 0.0072343803 | H15: ='[39]TABLEAU FINAL'!H14 -> 0.007017091
D16: ='[39]TABLEAU FINAL'!D15 -> 2 | E16: ='[39]TABLEAU FINAL'!E15 -> -0.16297612 | F16: ='[39]TABLEAU FINAL'!F15 -> 0.0038463687 | G16: ='[39]TABLEAU FINAL'!G15 -> 0.015805706 | H16: ='[39]TABLEAU FINAL'!H15 -> 0.014849985
D17: ='[39]TABLEAU FINAL'!D16 -> 3 et plus | E17: ='[39]TABLEAU FINAL'!E16 -> -0.21265522 | F17: ='[39]TABLEAU FINAL'!F16 -> 0 | G17: ='[39]TABLEAU FINAL'!G16 -> 0.025034416 | H17: ='[39]TABLEAU FINAL'!H16 -> 0.023983617
C18: ='[39]TABLEAU FINAL'!C17 -> Mono MSAE-PLIB | D18: ='[39]TABLEAU FINAL'!D17 -> 1 | E18: ='[39]TABLEAU FINAL'!E17 -> -5.2269914 | F18: ='[39]TABLEAU FINAL'!F17 -> -0.060407708 | G18: ='[39]TABLEAU FINAL'!G17 -> -0.01255206 | H18: ='[39]TABLEAU FINAL'!H17 -> -0.0022260632
D19: ='[39]TABLEAU FINAL'!D18 -> 2 | E19: ='[39]TABLEAU FINAL'!E18 -> -3.1374999 | F19: ='[39]TABLEAU FINAL'!F18 -> 0 | G19: ='[39]TABLEAU FINAL'!G18 -> 0.021750763 | H19: ='[39]TABLEAU FINAL'!H18 -> 0.023890685
D20: ='[39]TABLEAU FINAL'!D19 -> 3 et plus | E20: ='[39]TABLEAU FINAL'!E19 -> n.a | F20: ='[39]TABLEAU FINAL'!F19 -> n.a | G20: ='[39]TABLEAU FINAL'!G19 -> n.a | H20: ='[39]TABLEAU FINAL'!H19 -> n.a
C21: ='[39]TABLEAU FINAL'!C20 -> Poly Lura-FP-RS | D21: ='[39]TABLEAU FINAL'!D20 -> 1 | E21: ='[39]TABLEAU FINAL'!E20 -> -0.023768542 | F21: ='[39]TABLEAU FINAL'!F20 -> 0 | G21: ='[39]TABLEAU FINAL'!G20 -> 0.0099490073 | H21: ='[39]TABLEAU FINAL'!H20 -> 0.010428075
D22: ='[39]TABLEAU FINAL'!D21 -> 2 | E22: ='[39]TABLEAU FINAL'!E21 -> -0.13989074 | F22: ='[39]TABLEAU FINAL'!F21 -> 0.0027642595 | G22: ='[39]TABLEAU FINAL'!G21 -> 0.016384507 | H22: ='[39]TABLEAU FINAL'!H21 -> 0.016340291
D23: ='[39]TABLEAU FINAL'!D22 -> 3 et plus | E23: ='[39]TABLEAU FINAL'!E22 -> -0.38232125 | F23: ='[39]TABLEAU FINAL'!F22 -> 0.00032776674 | G23: ='[39]TABLEAU FINAL'!G22 -> 0.021458558 | H23: ='[39]TABLEAU FINAL'!H22 -> 0.021148317
C24: ='[39]TABLEAU FINAL'!C23 -> Poly Lura-MSAE-PLIB | D24: ='[39]TABLEAU FINAL'!D23 -> 1 | E24: ='[39]TABLEAU FINAL'!E23 -> -3.8554567 | F24: ='[39]TABLEAU FINAL'!F23 -> 0.11181427 | G24: ='[39]TABLEAU FINAL'!G23 -> -0.012502159 | H24: ='[39]TABLEAU FINAL'!H23 -> -0.015985419
D25: ='[39]TABLEAU FINAL'!D24 -> 2 | E25: ='[39]TABLEAU FINAL'!E24 -> -7.6908263 | F25: ='[39]TABLEAU FINAL'!F24 -> 0.21173764 | G25: ='[39]TABLEAU FINAL'!G24 -> -0.011548343 | H25: ='[39]TABLEAU FINAL'!H24 -> -0.019395449
D26: ='[39]TABLEAU FINAL'!D25 -> 3 et plus | E26: ='[39]TABLEAU FINAL'!E25 -> -10.704813 | F26: ='[39]TABLEAU FINAL'!F25 -> 0.22606827 | G26: ='[39]TABLEAU FINAL'!G25 -> -0.01869584 | H26: ='[39]TABLEAU FINAL'!H25 -> -0.027647376
B27: ='[39]TABLEAU FINAL'!B26 -> Selon le quintile de pension
B28: ='[39]TABLEAU FINAL'!B27 -> Femmes | C28: ='[39]TABLEAU FINAL'!C27 -> Q1 | D28: ='[39]TABLEAU FINAL'!D27 -> 1 | E28: ='[39]TABLEAU FINAL'!E27 -> -3.5067899 | F28: ='[39]TABLEAU FINAL'!F27 -> 0.0042911853 | G28: ='[39]TABLEAU FINAL'!G27 -> -0.024779276 | H28: ='[39]TABLEAU FINAL'!H27 -> -0.023997855
D29: ='[39]TABLEAU FINAL'!D28 -> 2 | E29: ='[39]TABLEAU FINAL'!E28 -> -7.4575504 | F29: ='[39]TABLEAU FINAL'!F28 -> 0.024793529 | G29: ='[39]TABLEAU FINAL'!G28 -> -0.062359814 | H29: ='[39]TABLEAU FINAL'!H28 -> -0.062826089
D30: ='[39]TABLEAU FINAL'!D29 -> 3 et plus | E30: ='[39]TABLEAU FINAL'!E29 -> -12.005257 | F30: ='[39]TABLEAU FINAL'!F29 -> 0.017350712 | G30: ='[39]TABLEAU FINAL'!G29 -> -0.09451306 | H30: ='[39]TABLEAU FINAL'!H29 -> -0.096018169
C31: ='[39]TABLEAU FINAL'!C30 -> Q2 | D31: ='[39]TABLEAU FINAL'!D30 -> 1 | E31: ='[39]TABLEAU FINAL'!E30 -> -2.844539 | F31: ='[39]TABLEAU FINAL'!F30 -> 0.11040846 | G31: ='[39]TABLEAU FINAL'!G30 -> -0.0089890839 | H31: ='[39]TABLEAU FINAL'!H30 -> -0.013246054
D32: ='[39]TABLEAU FINAL'!D31 -> 2 | E32: ='[39]TABLEAU FINAL'!E31 -> -5.7455123 | F32: ='[39]TABLEAU FINAL'!F31 -> 0.15333061 | G32: ='[39]TABLEAU FINAL'!G31 -> -0.013751728 | H32: ='[39]TABLEAU FINAL'!H31 -> -0.018659096
D33: ='[39]TABLEAU FINAL'!D32 -> 3 et plus | E33: ='[39]TABLEAU FINAL'!E32 -> -10.763705 | F33: ='[39]TABLEAU FINAL'!F32 -> 0.25664381 | G33: ='[39]TABLEAU FINAL'!G32 -> -0.025352308 | H33: ='[39]TABLEAU FINAL'!H32 -> -0.033098582
C34: ='[39]TABLEAU FINAL'!C33 -> Q3 | D34: ='[39]TABLEAU FINAL'!D33 -> 1 | E34: ='[39]TABLEAU FINAL'!E33 -> -2.3582015 | F34: ='[39]TABLEAU FINAL'!F33 -> 0.13005024 | G34: ='[39]TABLEAU FINAL'!G33 -> -0.0022088799 | H34: ='[39]TABLEAU FINAL'!H33 -> -0.0074549377
D35: ='[39]TABLEAU FINAL'!D34 -> 2 | E35: ='[39]TABLEAU FINAL'!E34 -> -5.2533855 | F35: ='[39]TABLEAU FINAL'!F34 -> 0.16475746 | G35: ='[39]TABLEAU FINAL'!G34 -> -0.004666107 | H35: ='[39]TABLEAU FINAL'!H34 -> -0.010364382
D36: ='[39]TABLEAU FINAL'!D35 -> 3 et plus | E36: ='[39]TABLEAU FINAL'!E35 -> -7.3946919 | F36: ='[39]TABLEAU FINAL'!F35 -> 0.12392961 | G36: ='[39]TABLEAU FINAL'!G35 -> -0.0017702005 | H36: ='[39]TABLEAU FINAL'!H35 -> -0.0071313237
C37: ='[39]TABLEAU FINAL'!C36 -> Q4 | D37: ='[39]TABLEAU FINAL'!D36 -> 1 | E37: ='[39]TABLEAU FINAL'!E36 -> -2.3520008 | F37: ='[39]TABLEAU FINAL'!F36 -> 0.21385586 | G37: ='[39]TABLEAU FINAL'!G36 -> -0.0020846151 | H37: ='[39]TABLEAU FINAL'!H36 -> -0.0085710114
D38: ='[39]TABLEAU FINAL'!D37 -> 2 | E38: ='[39]TABLEAU FINAL'!E37 -> -5.1157175 | F38: ='[39]TABLEAU FINAL'!F37 -> 0.16299493 | G38: ='[39]TABLEAU FINAL'!G37 -> -0.0048609165 | H38: ='[39]TABLEAU FINAL'!H37 -> -0.0079275906
D39: ='[39]TABLEAU FINAL'!D38 -> 3 et plus | E39: ='[39]TABLEAU FINAL'!E38 -> -8.566665 | F39: ='[39]TABLEAU FINAL'!F38 -> 0.14691337 | G39: ='[39]TABLEAU FINAL'!G38 -> 0.0011765136 | H39: ='[39]TABLEAU FINAL'!H38 -> -0.0036203829
C40: ='[39]TABLEAU FINAL'!C39 -> Q5 | D40: ='[39]TABLEAU FINAL'!D39 -> 1 | E40: ='[39]TABLEAU FINAL'!E39 -> -2.8227468 | F40: ='[39]TABLEAU FINAL'!F39 -> 0.14335377 | G40: ='[39]TABLEAU FINAL'!G39 -> -0.0041894022 | H40: ='[39]TABLEAU FINAL'!H39 -> -0.0089065824
D41: ='[39]TABLEAU FINAL'!D40 -> 2 | E41: ='[39]TABLEAU FINAL'!E40 -> -5.9047715 | F41: ='[39]TABLEAU FINAL'!F40 -> 0.23777176 | G41: ='[39]TABLEAU FINAL'!G40 -> -0.00384903 | H41: ='[39]TABLEAU FINAL'!H40 -> -0.011927199
D42: ='[39]TABLEAU FINAL'!D41 -> 3 et plus | E42: ='[39]TABLEAU FINAL'!E41 -> -8.6938667 | F42: ='[39]TABLEAU FINAL'!F41 -> 0.14969684 | G42: ='[39]TABLEAU FINAL'!G41 -> -0.0021441957 | H42: ='[39]TABLEAU FINAL'!H41 -> -0.0076640534
B44: Source : Drees – modèle Trajectoire

Sheet Tab B.4
A1: Tableau B.4 - Harmonisation de la majoration de pension à 10 % quel que soit le régime et uniformisation au-delà du troisième enfant - génération 2000
A2: Retour au sommaire
D4: ='[40]TABLEAU FINAL'!D3 -> Nombre d'enfants | E4: ='[40]TABLEAU FINAL'!E3 -> Durée validée totale moyenne (écart en trimestres) | F4: ='[40]TABLEAU FINAL'!F3 -> Âge de départ (écart en année) | G4: ='[40]TABLEAU FINAL'!G3 -> Pension moyenne 68 ans | H4: ='[40]TABLEAU FINAL'!H3 -> Pension moyenne CV
B5: ='[40]TABLEAU FINAL'!B4 -> Femmes | C5: ='[40]TABLEAU FINAL'!C4 -> 0 | D5: ='[40]TABLEAU FINAL'!D4 -> Ensemble | E5: ='[40]TABLEAU FINAL'!E4 -> - | F5: ='[40]TABLEAU FINAL'!F4 -> - | G5: ='[40]TABLEAU FINAL'!G4 -> 6.0163762e-05 | H5: ='[40]TABLEAU FINAL'!H4 -> 2.0398868e-05
B6: ='[40]TABLEAU FINAL'!B5 -> Hommes | C6: ='[40]TABLEAU FINAL'!C5 -> 0 | D6: ='[40]TABLEAU FINAL'!D5 -> Ensemble | E6: ='[40]TABLEAU FINAL'!E5 -> - | F6: ='[40]TABLEAU FINAL'!F5 -> - | G6: ='[40]TABLEAU FINAL'!G5 -> 8.1767504e-05 | H6: ='[40]TABLEAU FINAL'!H5 -> 3.6116339e-06
B7: ='[40]TABLEAU FINAL'!B6 -> Selon le nombre d'enfants | C7: ='[40]TABLEAU FINAL'!C6 -> 0 | D7: ='[40]TABLEAU FINAL'!D6 -> 0 | E7: ='[40]TABLEAU FINAL'!E6 -> 0 | F7: ='[40]TABLEAU FINAL'!F6 -> 0 | G7: ='[40]TABLEAU FINAL'!G6 -> 0 | H7: ='[40]TABLEAU FINAL'!H6 -> 0
B8: ='[40]TABLEAU FINAL'!B7 -> Femmes | C8: ='[40]TABLEAU FINAL'!C7 -> 0 | D8: ='[40]TABLEAU FINAL'!D7 -> 3 et plus | E8: ='[40]TABLEAU FINAL'!E7 -> - | F8: ='[40]TABLEAU FINAL'!F7 -> - | G8: ='[40]TABLEAU FINAL'!G7 -> 0.00020477093 | H8: ='[40]TABLEAU FINAL'!H7 -> 6.876366e-05
B9: ='[40]TABLEAU FINAL'!B8 -> Hommes | C9: ='[40]TABLEAU FINAL'!C8 -> 0 | D9: ='[40]TABLEAU FINAL'!D8 -> 3 et plus | E9: ='[40]TABLEAU FINAL'!E8 -> - | F9: ='[40]TABLEAU FINAL'!F8 -> - | G9: ='[40]TABLEAU FINAL'!G8 -> 0.00030772688 | H9: ='[40]TABLEAU FINAL'!H8 -> 4.8630599e-05
B10: ='[40]TABLEAU FINAL'!B9 -> Selon le régime d'affiliation | C10: ='[40]TABLEAU FINAL'!C9 -> 0 | D10: ='[40]TABLEAU FINAL'!D9 -> 0 | E10: ='[40]TABLEAU FINAL'!E9 -> 0 | F10: ='[40]TABLEAU FINAL'!F9 -> 0 | G10: ='[40]TABLEAU FINAL'!G9 -> 0 | H10: ='[40]TABLEAU FINAL'!H9 -> 0
B11: ='[40]TABLEAU FINAL'!B10 -> Femmes | C11: ='[40]TABLEAU FINAL'!C10 -> Mono Lura | D11: ='[40]TABLEAU FINAL'!D10 -> 3 et plus | E11: ='[40]TABLEAU FINAL'!E10 -> - | F11: ='[40]TABLEAU FINAL'!F10 -> - | G11: ='[40]TABLEAU FINAL'!G10 -> 0.00022800221 | H11: ='[40]TABLEAU FINAL'!H10 -> 0.00019980404
B12: ='[40]TABLEAU FINAL'!B11 -> 0 | C12: ='[40]TABLEAU FINAL'!C11 -> Mono FP-RS | D12: ='[40]TABLEAU FINAL'!D11 -> 3 et plus | E12: ='[40]TABLEAU FINAL'!E11 -> - | F12: ='[40]TABLEAU FINAL'!F11 -> - | G12: ='[40]TABLEAU FINAL'!G11 -> 0.0025733067 | H12: ='[40]TABLEAU FINAL'!H11 -> 0.0024439902
B13: ='[40]TABLEAU FINAL'!B12 -> 0 | C13: ='[40]TABLEAU FINAL'!C12 -> Mono MSAE-PLIB | D13: ='[40]TABLEAU FINAL'!D12 -> 3 et plus | E13: ='[40]TABLEAU FINAL'!E12 -> n.a | F13: ='[40]TABLEAU FINAL'!F12 -> n.a | G13: ='[40]TABLEAU FINAL'!G12 -> n.a | H13: ='[40]TABLEAU FINAL'!H12 -> n.a
B14: ='[40]TABLEAU FINAL'!B13 -> 0 | C14: ='[40]TABLEAU FINAL'!C13 -> Poly Lura-FP-RS | D14: ='[40]TABLEAU FINAL'!D13 -> 3 et plus | E14: ='[40]TABLEAU FINAL'!E13 -> - | F14: ='[40]TABLEAU FINAL'!F13 -> - | G14: ='[40]TABLEAU FINAL'!G13 -> -0.0051616366 | H14: ='[40]TABLEAU FINAL'!H13 -> -0.0052975024
B15: ='[40]TABLEAU FINAL'!B14 -> 0 | C15: ='[40]TABLEAU FINAL'!C14 -> Poly Lura-MSAE-PLIB | D15: ='[40]TABLEAU FINAL'!D14 -> 3 et plus | E15: ='[40]TABLEAU FINAL'!E14 -> - | F15: ='[40]TABLEAU FINAL'!F14 -> - | G15: ='[40]TABLEAU FINAL'!G14 -> 0.013472979 | H15: ='[40]TABLEAU FINAL'!H14 -> 0.012933182
B16: ='[40]TABLEAU FINAL'!B15 -> Hommes | C16: ='[40]TABLEAU FINAL'!C15 -> Mono Lura | D16: ='[40]TABLEAU FINAL'!D15 -> 3 et plus | E16: ='[40]TABLEAU FINAL'!E15 -> - | F16: ='[40]TABLEAU FINAL'!F15 -> - | G16: ='[40]TABLEAU FINAL'!G15 -> 0.001124153 | H16: ='[40]TABLEAU FINAL'!H15 -> 0.0010943477
... B31: ='[40]TABLEAU FINAL'!B30 -> 0 | C31: ='[40]TABLEAU FINAL'!C30 -> Q5 | D31: ='[40]TABLEAU FINAL'!D30 -> 3 et plus | E31: ='[40]TABLEAU FINAL'!E30 -> - | F31: ='[40]TABLEAU FINAL'!F30 -> - | G31: ='[40]TABLEAU FINAL'!G30 -> -0.00025631645 | H31: ='[40]TABLEAU FINAL'!H30 -> -0.0004905136
B33: Source : Drees – modèle Trajectoire

Sheet Tab B.5
A1: Tableau B.5 - Écart de masses de prestations de droit direct par régimes après mesures (en %)
A2: Retour au sommaire
D4: =[37]Ecarts_masses!D59 -> 2026 | E4: =[37]Ecarts_masses!E59 -> 2027 | F4: =[37]Ecarts_masses!F59 -> 2028 | G4: =[37]Ecarts_masses!G59 -> 2029 | H4: =[37]Ecarts_masses!H59 -> 2030 | I4: =[37]Ecarts_masses!I59 -> 2031 | J4: =[37]Ecarts_masses!J59 -> 2032 | K4: =[37]Ecarts_masses!K59 -> 2033 | ... AV4: =[37]Ecarts_masses!AV59 -> 2070
B5: Harmonisation 8 trimestres de MDA | C5: Tous régimes | D5: =[37]Ecarts_masses!D60 -> 0 | E5: =[37]Ecarts_masses!E60 -> 0 | F5: =[37]Ecarts_masses!F60 -> 0 | G5: =[37]Ecarts_masses!G60 -> 0 | H5: =[37]Ecarts_masses!H60 -> 0 | I5: =[37]Ecarts_masses!I60 -> 0 | J5: =[37]Ecarts_masses!J60 -> 0 | K5: =[37]Ecarts_masses!K60 -> 0 | ... AV5: =[37]Ecarts_masses!AV60 -> 0.0063119517
C6: Tous régimes hors régimes équilibrés | D6: =[37]Ecarts_masses!D61 -> 0 | E6: =[37]Ecarts_masses!E61 -> 0 | F6: =[37]Ecarts_masses!F61 -> 0 | G6: =[37]Ecarts_masses!G61 -> 0 | H6: =[37]Ecarts_masses!H61 -> 0 | I6: =[37]Ecarts_masses!I61 -> 0 | J6: =[37]Ecarts_masses!J61 -> 0 | K6: =[37]Ecarts_masses!K61 -> 0 | ... AV6: =[37]Ecarts_masses!AV61 -> 0.0040883106
C7: Régime général | D7: =[37]Ecarts_masses!D62 -> 0 | E7: =[37]Ecarts_masses!E62 -> 0 | F7: =[37]Ecarts_masses!F62 -> 0 | G7: =[37]Ecarts_masses!G62 -> 0 | H7: =[37]Ecarts_masses!H62 -> 0 | I7: =[37]Ecarts_masses!I62 -> 0 | J7: =[37]Ecarts_masses!J62 -> 0 | K7: =[37]Ecarts_masses!K62 -> 0 | ... AV7: =[37]Ecarts_masses!AV62 -> 0.00025556662
C8: Agirc-Arrco | D8: =[37]Ecarts_masses!D63 -> 0 | E8: =[37]Ecarts_masses!E63 -> 0 | F8: =[37]Ecarts_masses!F63 -> 0 | G8: =[37]Ecarts_masses!G63 -> 0 | H8: =[37]Ecarts_masses!H63 -> 0 | I8: =[37]Ecarts_masses!I63 -> 0 | J8: =[37]Ecarts_masses!J63 -> 0 | K8: =[37]Ecarts_masses!K63 -> 0 | ... AV8: =[37]Ecarts_masses!AV63 -> 0.00027974932
C9: MSA salarié | D9: =[37]Ecarts_masses!D64 -> 0 | E9: =[37]Ecarts_masses!E64 -> 0 | F9: =[37]Ecarts_masses!F64 -> 0 | G9: =[37]Ecarts_masses!G64 -> 0 | H9: =[37]Ecarts_masses!H64 -> 0 | I9: =[37]Ecarts_masses!I64 -> 0 | J9: =[37]Ecarts_masses!J64 -> 0 | K9: =[37]Ecarts_masses!K64 -> 0 | ... AV9: =[37]Ecarts_masses!AV64 -> 0.00029448271
C10: SRE | D10: =[37]Ecarts_masses!D65 -> 0 | E10: =[37]Ecarts_masses!E65 -> 0 | F10: =[37]Ecarts_masses!F65 -> 0 | G10: =[37]Ecarts_masses!G65 -> 0 | H10: =[37]Ecarts_masses!H65 -> 0 | I10: =[37]Ecarts_masses!I65 -> 0 | J10: =[37]Ecarts_masses!J65 -> 0 | K10: =[37]Ecarts_masses!K65 -> 0 | ... AV10: =[37]Ecarts_masses!AV65 -> 0.02974931
C11: Ircantec | D11: =[37]Ecarts_masses!D66 -> 0 | E11: =[37]Ecarts_masses!E66 -> 0 | F11: =[37]Ecarts_masses!F66 -> 0 | G11: =[37]Ecarts_masses!G66 -> 0 | H11: =[37]Ecarts_masses!H66 -> 0 | I11: =[37]Ecarts_masses!I66 -> 0 | J11: =[37]Ecarts_masses!J66 -> 0 | K11: =[37]Ecarts_masses!K66 -> 0 | ... AV11: =[37]Ecarts_masses!AV66 -> 0.0022311904
C12: Indépendants | D12: =[37]Ecarts_masses!D67 -> 0 | E12: =[37]Ecarts_masses!E67 -> 0 | F12: =[37]Ecarts_masses!F67 -> 0 | G12: =[37]Ecarts_masses!G67 -> 0 | H12: =[37]Ecarts_masses!H67 -> 0 | I12: =[37]Ecarts_masses!I67 -> 0 | J12: =[37]Ecarts_masses!J67 -> 0 | K12: =[37]Ecarts_masses!K67 -> 0 | ... AV12: =[37]Ecarts_masses!AV67 -> 0.0001686671
C13: CNRACL | D13: =[37]Ecarts_masses!D68 -> 0 | E13: =[37]Ecarts_masses!E68 -> 0 | F13: =[37]Ecarts_masses!F68 -> 0 | G13: =[37]Ecarts_masses!G68 -> 0 | H13: =[37]Ecarts_masses!H68 -> 0 | I13: =[37]Ecarts_masses!I68 -> 0 | J13: =[37]Ecarts_masses!J68 -> 0 | K13: =[37]Ecarts_masses!K68 -> 0 | ... AV13: =[37]Ecarts_masses!AV68 -> 0.052013466
C14: Régimes spéciaux | D14: =[37]Ecarts_masses!D69 -> 0 | E14: =[37]Ecarts_masses!E69 -> 0 | F14: =[37]Ecarts_masses!F69 -> 0 | G14: =[37]Ecarts_masses!G69 -> 0 | H14: =[37]Ecarts_masses!H69 -> 0 | I14: =[37]Ecarts_masses!I69 -> 0 | J14: =[37]Ecarts_masses!J69 -> 0 | K14: =[37]Ecarts_masses!K69 -> 0 | ... AV14: =[37]Ecarts_masses!AV69 -> 0.012233
C15: Professions libérales | D15: =[37]Ecarts_masses!D70 -> 0 | E15: =[37]Ecarts_masses!E70 -> 0 | F15: =[37]Ecarts_masses!F70 -> 0 | G15: =[37]Ecarts_masses!G70 -> 0 | H15: =[37]Ecarts_masses!H70 -> 0 | I15: =[37]Ecarts_masses!I70 -> 0 | J15: =[37]Ecarts_masses!J70 -> 0 | K15: =[37]Ecarts_masses!K70 -> 0 | ... AV15: =[37]Ecarts_masses!AV70 -> 0.00049438663
C16: Rafp | D16: =[37]Ecarts_masses!D71 -> 0 | E16: =[37]Ecarts_masses!E71 -> 0 | F16: =[37]Ecarts_masses!F71 -> 0 | G16: =[37]Ecarts_masses!G71 -> 0 | H16: =[37]Ecarts_masses!H71 -> 0 | I16: =[37]Ecarts_masses!I71 -> 0 | J16: =[37]Ecarts_masses!J71 -> 0 | K16: =[37]Ecarts_masses!K71 -> 0 | ... AV16: =[37]Ecarts_masses!AV71 -> 0.005251553
B17: Harmonisation 4 trimestres de MDA | C17: Tous régimes | D17: =[38]Ecarts_masses!D60 -> 0 | E17: =[38]Ecarts_masses!E60 -> 0 | F17: =[38]Ecarts_masses!F60 -> 0 | G17: =[38]Ecarts_masses!G60 -> 0 | H17: =[38]Ecarts_masses!H60 -> 0 | I17: =[38]Ecarts_masses!I60 -> 0 | J17: =[38]Ecarts_masses!J60 -> 0 | K17: =[38]Ecarts_masses!K60 -> 0 | ... AV17: =[38]Ecarts_masses!AV60 -> -0.0010916421
C18: Tous régimes hors régimes équilibrés | D18: =[38]Ecarts_masses!D61 -> 0 | E18: =[38]Ecarts_masses!E61 -> 0 | F18: =[38]Ecarts_masses!F61 -> 0 | G18: =[38]Ecarts_masses!G61 -> 0 | H18: =[38]Ecarts_masses!H61 -> 0 | I18: =[38]Ecarts_masses!I61 -> 0 | J18: =[38]Ecarts_masses!J61 -> 0 | K18: =[38]Ecarts_masses!K61 -> 0 | ... AV18: =[38]Ecarts_masses!AV61 -> -0.0025677811
C19: Régime général | D19: =[38]Ecarts_masses!D62 -> 0 | E19: =[38]Ecarts_masses!E62 -> 0 | F19: =[38]Ecarts_masses!F62 -> 0 | G19: =[38]Ecarts_masses!G62 -> 0 | H19: =[38]Ecarts_masses!H62 -> 0 | I19: =[38]Ecarts_masses!I62 -> 0 | J19: =[38]Ecarts_masses!J62 -> 0 | K19: =[38]Ecarts_masses!K62 -> 0 | ... AV19: =[38]Ecarts_masses!AV62 -> -0.0062528579
C20: Agirc-Arrco | D20: =[38]Ecarts_masses!D63 -> 0 | E20: =[38]Ecarts_masses!E63 -> 0 | F20: =[38]Ecarts_masses!F63 -> 0 | G20: =[38]Ecarts_masses!G63 -> 0 | H20: =[38]Ecarts_masses!H63 -> 0 | I20: =[38]Ecarts_masses!I63 -> 0 | J20: =[38]Ecarts_masses!J63 -> 0 | K20: =[38]Ecarts_masses!K63 -> 0 | ... AV20: =[38]Ecarts_masses!AV63 -> -0.0016732779
C21: MSA salarié | D21: =[38]Ecarts_masses!D64 -> 0 | E21: =[38]Ecarts_masses!E64 -> 0 | F21: =[38]Ecarts_masses!F64 -> 0 | G21: =[38]Ecarts_masses!G64 -> 0 | H21: =[38]Ecarts_masses!H64 -> 0 | I21: =[38]Ecarts_masses!I64 -> 0 | J21: =[38]Ecarts_masses!J64 -> 0 | K21: =[38]Ecarts_masses!K64 -> 0 | ... AV21: =[38]Ecarts_masses!AV64 -> -0.0064898859
C22: SRE | D22: =[38]Ecarts_masses!D65 -> 0 | E22: =[38]Ecarts_masses!E65 -> 0 | F22: =[38]Ecarts_masses!F65 -> 0 | G22: =[38]Ecarts_masses!G65 -> 0 | H22: =[38]Ecarts_masses!H65 -> 0 | I22: =[38]Ecarts_masses!I65 -> 0 | J22: =[38]Ecarts_masses!J65 -> 0 | K22: =[38]Ecarts_masses!K65 -> 0 | ... AV22: =[38]Ecarts_masses!AV65 -> 0.014324183
C23: Ircantec | D23: =[38]Ecarts_masses!D66 -> 0 | E23: =[38]Ecarts_masses!E66 -> 0 | F23: =[38]Ecarts_masses!F66 -> 0 | G23: =[38]Ecarts_masses!G66 -> 0 | H23: =[38]Ecarts_masses!H66 -> 0 | I23: =[38]Ecarts_masses!I66 -> 0 | J23: =[38]Ecarts_masses!J66 -> 0 | K23: =[38]Ecarts_masses!K66 -> 0 | ... AV23: =[38]Ecarts_masses!AV66 -> -0.0017804189
C24: Indépendants | D24: =[38]Ecarts_masses!D67 -> 0 | E24: =[38]Ecarts_masses!E67 -> 0 | F24: =[38]Ecarts_masses!F67 -> 0 | G24: =[38]Ecarts_masses!G67 -> 0 | H24: =[38]Ecarts_masses!H67 -> 0 | I24: =[38]Ecarts_masses!I67 -> 0 | J24: =[38]Ecarts_masses!J67 -> 0 | K24: =[38]Ecarts_masses!K67 -> 0 | ... AV24: =[38]Ecarts_masses!AV67 -> -0.005108622
C25: CNRACL | D25: =[38]Ecarts_masses!D68 -> 0 | E25: =[38]Ecarts_masses!E68 -> 0 | F25: =[38]Ecarts_masses!F68 -> 0 | G25: =[38]Ecarts_masses!G68 -> 0 | H25: =[38]Ecarts_masses!H68 -> 0 | I25: =[38]Ecarts_masses!I68 -> 0 | J25: =[38]Ecarts_masses!J68 -> 0 | K25: =[38]Ecarts_masses!K68 -> 0 | ... AV25: =[38]Ecarts_masses!AV68 -> 0.023955581
C26: Régimes spéciaux | D26: =[38]Ecarts_masses!D69 -> 0 | E26: =[38]Ecarts_masses!E69 -> 0 | F26: =[38]Ecarts_masses!F69 -> 0 | G26: =[38]Ecarts_masses!G69 -> 0 | H26: =[38]Ecarts_masses!H69 -> 0 | I26: =[38]Ecarts_masses!I69 -> 0 | J26: =[38]Ecarts_masses!J69 -> 0 | K26: =[38]Ecarts_masses!K69 -> 0 | ... AV26: =[38]Ecarts_masses!AV69 -> 0.0025114203
C27: Professions libérales | D27: =[38]Ecarts_masses!D70 -> 0 | E27: =[38]Ecarts_masses!E70 -> 0 | F27: =[38]Ecarts_masses!F70 -> 0 | G27: =[38]Ecarts_masses!G70 -> 0 | H27: =[38]Ecarts_masses!H70 -> 0 | I27: =[38]Ecarts_masses!I70 -> 0 | J27: =[38]Ecarts_masses!J70 -> 0 | K27: =[38]Ecarts_masses!K70 -> 0 | ... AV27: =[38]Ecarts_masses!AV70 -> -0.00059851426
C28: Rafp | D28: =[38]Ecarts_masses!D71 -> 0 | E28: =[38]Ecarts_masses!E71 -> 0 | F28: =[38]Ecarts_masses!F71 -> 0 | G28: =[38]Ecarts_masses!G71 -> 0 | H28: =[38]Ecarts_masses!H71 -> 0 | I28: =[38]Ecarts_masses!I71 -> 0 | J28: =[38]Ecarts_masses!J71 -> 0 | K28: =[38]Ecarts_masses!K71 -> 0 | ... AV28: =[38]Ecarts_masses!AV71 -> 0.0028082531
B29: Harmonisation 2 trimestres de MDA | C29: Tous régimes | D29: =[39]Ecarts_masses!D60 -> 0 | E29: =[39]Ecarts_masses!E60 -> 0 | F29: =[39]Ecarts_masses!F60 -> 0 | G29: =[39]Ecarts_masses!G60 -> 0 | H29: =[39]Ecarts_masses!H60 -> 0 | I29: =[39]Ecarts_masses!I60 -> 0 | J29: =[39]Ecarts_masses!J60 -> 0 | K29: =[39]Ecarts_masses!K60 -> 0 | ... AV29: =[39]Ecarts_masses!AV60 -> -0.005721793
C30: Tous régimes hors régimes équilibrés | D30: =[39]Ecarts_masses!D61 -> 0 | E30: =[39]Ecarts_masses!E61 -> 0 | F30: =[39]Ecarts_masses!F61 -> 0 | G30: =[39]Ecarts_masses!G61 -> 0 | H30: =[39]Ecarts_masses!H61 -> 0 | I30: =[39]Ecarts_masses!I61 -> 0 | J30: =[39]Ecarts_masses!J61 -> 0 | K30: =[39]Ecarts_masses!K61 -> 0 | ... AV30: =[39]Ecarts_masses!AV61 -> -0.0067759573
C31: Régime général | D31: =[39]Ecarts_masses!D62 -> 0 | E31: =[39]Ecarts_masses!E62 -> 0 | F31: =[39]Ecarts_masses!F62 -> 0 | G31: =[39]Ecarts_masses!G62 -> 0 | H31: =[39]Ecarts_masses!H62 -> 0 | I31: =[39]Ecarts_masses!I62 -> 0 | J31: =[39]Ecarts_masses!J62 -> 0 | K31: =[39]Ecarts_masses!K62 -> 0 | ... AV31: =[39]Ecarts_masses!AV62 -> -0.010684713
C32: Agirc-Arrco | D32: =[39]Ecarts_masses!D63 -> 0 | E32: =[39]Ecarts_masses!E63 -> 0 | F32: =[39]Ecarts_masses!F63 -> 0 | G32: =[39]Ecarts_masses!G63 -> 0 | H32: =[39]Ecarts_masses!H63 -> 0 | I32: =[39]Ecarts_masses!I63 -> 0 | J32: =[39]Ecarts_masses!J63 -> 0 | K32: =[39]Ecarts_masses!K63 -> 0 | ... AV32: =[39]Ecarts_masses!AV63 -> -0.0031172035
C33: MSA salarié | D33: =[39]Ecarts_masses!D64 -> 0 | E33: =[39]Ecarts_masses!E64 -> 0 | F33: =[39]Ecarts_masses!F64 -> 0 | G33: =[39]Ecarts_masses!G64 -> 0 | H33: =[39]Ecarts_masses!H64 -> 0 | I33: =[39]Ecarts_masses!I64 -> 0 | J33: =[39]Ecarts_masses!J64 -> 0 | K33: =[39]Ecarts_masses!K64 -> 0 | ... AV33: =[39]Ecarts_masses!AV64 -> -0.011227073
C34: SRE | D34: =[39]Ecarts_masses!D65 -> 0 | E34: =[39]Ecarts_masses!E65 -> 0 | F34: =[39]Ecarts_masses!F65 -> 0 | G34: =[39]Ecarts_masses!G65 -> 0 | H34: =[39]Ecarts_masses!H65 -> 0 | I34: =[39]Ecarts_masses!I65 -> 0 | J34: =[39]Ecarts_masses!J65 -> 0 | K34: =[39]Ecarts_masses!K65 -> 0 | ... AV34: =[39]Ecarts_masses!AV65 -> 0.0051703265
C35: Ircantec | D35: =[39]Ecarts_masses!D66 -> 0 | E35: =[39]Ecarts_masses!E66 -> 0 | F35: =[39]Ecarts_masses!F66 -> 0 | G35: =[39]Ecarts_masses!G66 -> 0 | H35: =[39]Ecarts_masses!H66 -> 0 | I35: =[39]Ecarts_masses!I66 -> 0 | J35: =[39]Ecarts_masses!J66 -> 0 | K35: =[39]Ecarts_masses!K66 -> 0 | ... AV35: =[39]Ecarts_masses!AV66 -> -0.00520263
C36: Indépendants | D36: =[39]Ecarts_masses!D67 -> 0 | E36: =[39]Ecarts_masses!E67 -> 0 | F36: =[39]Ecarts_masses!F67 -> 0 | G36: =[39]Ecarts_masses!G67 -> 0 | H36: =[39]Ecarts_masses!H67 -> 0 | I36: =[39]Ecarts_masses!I67 -> 0 | J36: =[39]Ecarts_masses!J67 -> 0 | K36: =[39]Ecarts_masses!K67 -> 0 | ... AV36: =[39]Ecarts_masses!AV67 -> -0.0076865169
C37: CNRACL | D37: =[39]Ecarts_masses!D68 -> 0 | E37: =[39]Ecarts_masses!E68 -> 0 | F37: =[39]Ecarts_masses!F68 -> 0 | G37: =[39]Ecarts_masses!G68 -> 0 | H37: =[39]Ecarts_masses!H68 -> 0 | I37: =[39]Ecarts_masses!I68 -> 0 | J37: =[39]Ecarts_masses!J68 -> 0 | K37: =[39]Ecarts_masses!K68 -> 0 | ... AV37: =[39]Ecarts_masses!AV68 -> 0.0094667579
C38: Régimes spéciaux | D38: =[39]Ecarts_masses!D69 -> 0 | E38: =[39]Ecarts_masses!E69 -> 0 | F38: =[39]Ecarts_masses!F69 -> 0 | G38: =[39]Ecarts_masses!G69 -> 0 | H38: =[39]Ecarts_masses!H69 -> 0 | I38: =[39]Ecarts_masses!I69 -> 0 | J38: =[39]Ecarts_masses!J69 -> 0 | K38: =[39]Ecarts_masses!K69 -> 0 | ... AV38: =[39]Ecarts_masses!AV69 -> -0.0033617328
C39: Professions libérales | D39: =[39]Ecarts_masses!D70 -> 0 | E39: =[39]Ecarts_masses!E70 -> 0 | F39: =[39]Ecarts_masses!F70 -> 0 | G39: =[39]Ecarts_masses!G70 -> 0 | H39: =[39]Ecarts_masses!H70 -> 0 | I39: =[39]Ecarts_masses!I70 -> 0 | J39: =[39]Ecarts_masses!J70 -> 0 | K39: =[39]Ecarts_masses!K70 -> 0 | ... AV39: =[39]Ecarts_masses!AV70 -> -0.0016625458
C40: Rafp | D40: =[39]Ecarts_masses!D71 -> 0 | E40: =[39]Ecarts_masses!E71 -> 0 | F40: =[39]Ecarts_masses!F71 -> 0 | G40: =[39]Ecarts_masses!G71 -> 0 | H40: =[39]Ecarts_masses!H71 -> 0 | I40: =[39]Ecarts_masses!I71 -> 0 | J40: =[39]Ecarts_masses!J71 -> 0 | K40: =[39]Ecarts_masses!K71 -> 0 | ... AV40: =[39]Ecarts_masses!AV71 -> 0.0005052813
B41: Harmonisation 10 % majoration de pension | C41: Tous régimes | D41: =[40]Ecarts_masses!D60 -> 1.4144766e-05 | E41: =[40]Ecarts_masses!E60 -> 4.0774325e-05 | F41: =[40]Ecarts_masses!F60 -> 6.0290018e-05 | G41: =[40]Ecarts_masses!G60 -> 8.6565986e-05 | H41: =[40]Ecarts_masses!H60 -> 0.00011404896 | I41: =[40]Ecarts_masses!I60 -> 0.00014693508 | J41: =[40]Ecarts_masses!J60 -> 0.00018204685 | K41: =[40]Ecarts_masses!K60 -> 0.00021370934 | ... AV41: =[40]Ecarts_masses!AV60 -> 0.00023081064
C42: Tous régimes hors régimes équilibrés | D42: =[40]Ecarts_masses!D61 -> 3.0190562e-05 | E42: =[40]Ecarts_masses!E61 -> 7.753008e-05 | F42: =[40]Ecarts_masses!F61 -> 0.00011831989 | G42: =[40]Ecarts_masses!G61 -> 0.00016860909 | H42: =[40]Ecarts_masses!H61 -> 0.00021729059 | I42: =[40]Ecarts_masses!I61 -> 0.00026837729 | J42: =[40]Ecarts_masses!J61 -> 0.00031918657 | K42: =[40]Ecarts_masses!K61 -> 0.00036471628 | ... AV42: =[40]Ecarts_masses!AV61 -> 0.00048926542
C43: Régime général | D43: =[40]Ecarts_masses!D62 -> 0 | E43: =[40]Ecarts_masses!E62 -> 0 | F43: =[40]Ecarts_masses!F62 -> 0 | G43: =[40]Ecarts_masses!G62 -> 0 | H43: =[40]Ecarts_masses!H62 -> 0 | I43: =[40]Ecarts_masses!I62 -> 0 | J43: =[40]Ecarts_masses!J62 -> 0 | K43: =[40]Ecarts_masses!K62 -> 0 | ... AV43: =[40]Ecarts_masses!AV62 -> 0
C44: Agirc-Arrco | D44: =[40]Ecarts_masses!D63 -> 8.8436164e-05 | E44: =[40]Ecarts_masses!E63 -> 0.00022156625 | F44: =[40]Ecarts_masses!F63 -> 0.00036112387 | G44: =[40]Ecarts_masses!G63 -> 0.00051087975 | H44: =[40]Ecarts_masses!H63 -> 0.00065957779 | I44: =[40]Ecarts_masses!I63 -> 0.0008188552 | J44: =[40]Ecarts_masses!J63 -> 0.00096955196 | K44: =[40]Ecarts_masses!K63 -> 0.0011114588 | ... AV44: =[40]Ecarts_masses!AV63 -> 0.00087235434
C45: MSA salarié | D45: =[40]Ecarts_masses!D64 -> 0 | E45: =[40]Ecarts_masses!E64 -> 0 | F45: =[40]Ecarts_masses!F64 -> 0 | G45: =[40]Ecarts_masses!G64 -> 0 | H45: =[40]Ecarts_masses!H64 -> 0 | I45: =[40]Ecarts_masses!I64 -> 0 | J45: =[40]Ecarts_masses!J64 -> 0 | K45: =[40]Ecarts_masses!K64 -> 0 | ... AV45: =[40]Ecarts_masses!AV64 -> 0
C46: SRE | D46: =[40]Ecarts_masses!D65 -> -6.2642099e-05 | E46: =[40]Ecarts_masses!E65 -> -0.0001414622 | F46: =[40]Ecarts_masses!F65 -> -0.00023764079 | G46: =[40]Ecarts_masses!G65 -> -0.00033953578 | H46: =[40]Ecarts_masses!H65 -> -0.00042468038 | I46: =[40]Ecarts_masses!I65 -> -0.00049614035 | J46: =[40]Ecarts_masses!J65 -> -0.00055706977 | K46: =[40]Ecarts_masses!K65 -> -0.00063385755 | ... AV46: =[40]Ecarts_masses!AV65 -> -0.0029765035
C47: Ircantec | D47: =[40]Ecarts_masses!D66 -> -0.0002417278 | E47: =[40]Ecarts_masses!E66 -> -0.00047381197 | F47: =[40]Ecarts_masses!F66 -> -0.00081533638 | G47: =[40]Ecarts_masses!G66 -> -0.0010400858 | H47: =[40]Ecarts_masses!H66 -> -0.0012488781 | I47: =[40]Ecarts_masses!I66 -> -0.0014485343 | J47: =[40]Ecarts_masses!J66 -> -0.0016685781 | K47: =[40]Ecarts_masses!K66 -> -0.0018662082 | ... AV47: =[40]Ecarts_masses!AV66 -> -0.0049402656
C48: Indépendants | D48: =[40]Ecarts_masses!D67 -> 0.00019357795 | E48: =[40]Ecarts_masses!E67 -> 0.00050200181 | F48: =[40]Ecarts_masses!F67 -> 0.00080692904 | G48: =[40]Ecarts_masses!G67 -> 0.0011258785 | H48: =[40]Ecarts_masses!H67 -> 0.0014312795 | I48: =[40]Ecarts_masses!I67 -> 0.0017412368 | J48: =[40]Ecarts_masses!J67 -> 0.0020239053 | K48: =[40]Ecarts_masses!K67 -> 0.0022995529 | ... AV48: =[40]Ecarts_masses!AV67 -> 0.0058679227
C49: CNRACL | D49: =[40]Ecarts_masses!D68 -> -0.00014714832 | E49: =[40]Ecarts_masses!E68 -> -0.00033096619 | F49: =[40]Ecarts_masses!F68 -> -0.00055985314 | G49: =[40]Ecarts_masses!G68 -> -0.00074379159 | H49: =[40]Ecarts_masses!H68 -> -0.00091836544 | I49: =[40]Ecarts_masses!I68 -> -0.0010811879 | J49: =[40]Ecarts_masses!J68 -> -0.001223753 | K49: =[40]Ecarts_masses!K68 -> -0.001383446 | ... AV49: =[40]Ecarts_masses!AV68 -> -0.0039600243
C50: Régimes spéciaux | D50: =[40]Ecarts_masses!D69 -> -6.0367997e-05 | E50: =[40]Ecarts_masses!E69 -> -0.00013581877 | F50: =[40]Ecarts_masses!F69 -> -0.00020634764 | G50: =[40]Ecarts_masses!G69 -> -0.00030085437 | H50: =[40]Ecarts_masses!H69 -> -0.00042404802 | I50: =[40]Ecarts_masses!I69 -> -0.00053676725 | J50: =[40]Ecarts_masses!J69 -> -0.00064875926 | K50: =[40]Ecarts_masses!K69 -> -0.00071898411 | ... AV50: =[40]Ecarts_masses!AV69 -> -0.0033956008
C51: Professions libérales | D51: =[40]Ecarts_masses!D70 -> 0.00037446697 | E51: =[40]Ecarts_masses!E70 -> 0.00081146317 | F51: =[40]Ecarts_masses!F70 -> 0.0011985282 | G51: =[40]Ecarts_masses!G70 -> 0.0015724549 | H51: =[40]Ecarts_masses!H70 -> 0.0019127548 | I51: =[40]Ecarts_masses!I70 -> 0.0022031928 | J51: =[40]Ecarts_masses!J70 -> 0.0025196337 | K51: =[40]Ecarts_masses!K70 -> 0.0028196994 | ... AV51: =[40]Ecarts_masses!AV70 -> 0.0064146424
C52: Rafp | D52: =[40]Ecarts_masses!D71 -> 0.0016180424 | E52: =[40]Ecarts_masses!E71 -> 0.0038399165 | F52: =[40]Ecarts_masses!F71 -> 0.0057937232 | G52: =[40]Ecarts_masses!G71 -> 0.0074973951 | H52: =[40]Ecarts_masses!H71 -> 0.0090243563 | I52: =[40]Ecarts_masses!I71 -> 0.010396209 | J52: =[40]Ecarts_masses!J71 -> 0.011548422 | K52: =[40]Ecarts_masses!K71 -> 0.012804557 | ... AV52: =[40]Ecarts_masses!AV71 -> 0.026766123
B54: Source : Drees – modèle Trajectoire

Sheet Fig B.1
A1: Figure B.1 - Impact de la suppression de la condition de ressources sur la pension moyenne sur cycle de vie des assurés de la génération 2000 (en %)
A2: Retour au sommaire
C4: =[41]Gagnants_perdants_2000!N3 -> -100 % | D4: =[41]Gagnants_perdants_2000!O3 -> Entre -100 % et -20 % | E4: =[41]Gagnants_perdants_2000!P3 -> Entre- 20 % à - 1 % | F4: =[41]Gagnants_perdants_2000!Q3 -> Entre - 1 % et + 1% | G4: =[41]Gagnants_perdants_2000!R3 -> Entre + 1 % et + 20 % | H4: =[41]Gagnants_perdants_2000!S3 -> Plus de 20 %
B5: Q1 Monopensionnés RG+régimes alignés | C5: =[41]Gagnants_perdants_2000!N4 -> 0 | D5: =[41]Gagnants_perdants_2000!O4 -> 0 | E5: =[41]Gagnants_perdants_2000!P4 -> 0 | F5: =[41]Gagnants_perdants_2000!Q4 -> 0.97119342 | G5: =[41]Gagnants_perdants_2000!R4 -> 0.0041152263 | H5: =[41]Gagnants_perdants_2000!S4 -> 0.024691358
B6: Q2 Monopensionnés RG+régimes alignés | C6: =[41]Gagnants_perdants_2000!N5 -> 0 | D6: =[41]Gagnants_perdants_2000!O5 -> 0 | E6: =[41]Gagnants_perdants_2000!P5 -> 0 | F6: =[41]Gagnants_perdants_2000!Q5 -> 0.95238095 | G6: =[41]Gagnants_perdants_2000!R5 -> 0.018315018 | H6: =[41]Gagnants_perdants_2000!S5 -> 0.029304029
B7: Q3 Monopensionnés RG+régimes alignés | C7: =[41]Gagnants_perdants_2000!N6 -> 0 | D7: =[41]Gagnants_perdants_2000!O6 -> 0 | E7: =[41]Gagnants_perdants_2000!P6 -> 0 | F7: =[41]Gagnants_perdants_2000!Q6 -> 0.81578947 | G7: =[41]Gagnants_perdants_2000!R6 -> 0.10526316 | H7: =[41]Gagnants_perdants_2000!S6 -> 0.078947368
B8: Q4 Monopensionnés RG+régimes alignés | C8: =[41]Gagnants_perdants_2000!N7 -> 0 | D8: =[41]Gagnants_perdants_2000!O7 -> 0 | E8: =[41]Gagnants_perdants_2000!P7 -> 0 | F8: =[41]Gagnants_perdants_2000!Q7 -> 0.30597015 | G8: =[41]Gagnants_perdants_2000!R7 -> 0.19029851 | H8: =[41]Gagnants_perdants_2000!S7 -> 0.50373134
B9: Q5 Monopensionnés RG+régimes alignés | C9: =[41]Gagnants_perdants_2000!N8 -> 0 | D9: =[41]Gagnants_perdants_2000!O8 -> 0 | E9: =[41]Gagnants_perdants_2000!P8 -> 0 | F9: =[41]Gagnants_perdants_2000!Q8 -> 0.033898305 | G9: =[41]Gagnants_perdants_2000!R8 -> 0 | H9: =[41]Gagnants_perdants_2000!S8 -> 0.96610169
B11: Q1 Polypensionnés RG+régimes alignés/FP | C11: =[41]Gagnants_perdants_2000!N10 -> 0 | D11: =[41]Gagnants_perdants_2000!O10 -> 0 | E11: =[41]Gagnants_perdants_2000!P10 -> 0 | F11: =[41]Gagnants_perdants_2000!Q10 -> 0.97727273 | G11: =[41]Gagnants_perdants_2000!R10 -> 0 | H11: =[41]Gagnants_perdants_2000!S10 -> 0.022727273
B12: Q2 Polypensionnés RG+régimes alignés/FP | C12: =[41]Gagnants_perdants_2000!N11 -> 0 | D12: =[41]Gagnants_perdants_2000!O11 -> 0 | E12: =[41]Gagnants_perdants_2000!P11 -> 0 | F12: =[41]Gagnants_perdants_2000!Q11 -> 0.87272727 | G12: =[41]Gagnants_perdants_2000!R11 -> 0.10909091 | H12: =[41]Gagnants_perdants_2000!S11 -> 0.018181818
B13: Q3 Polypensionnés RG+régimes alignés/FP | C13: =[41]Gagnants_perdants_2000!N12 -> 0 | D13: =[41]Gagnants_perdants_2000!O12 -> 0 | E13: =[41]Gagnants_perdants_2000!P12 -> 0 | F13: =[41]Gagnants_perdants_2000!Q12 -> 0.63636364 | G13: =[41]Gagnants_perdants_2000!R12 -> 0.24242424 | H13: =[41]Gagnants_perdants_2000!S12 -> 0.12121212
B14: Q4 Polypensionnés RG+régimes alignés/FP | C14: =[41]Gagnants_perdants_2000!N13 -> 0 | D14: =[41]Gagnants_perdants_2000!O13 -> 0 | E14: =[41]Gagnants_perdants_2000!P13 -> 0 | F14: =[41]Gagnants_perdants_2000!Q13 -> 0.20689655 | G14: =[41]Gagnants_perdants_2000!R13 -> 0.27586207 | H14: =[41]Gagnants_perdants_2000!S13 -> 0.51724138
B15: Q5 Polypensionnés RG+régimes alignés/FP | C15: =[41]Gagnants_perdants_2000!N14 -> 0 | D15: =[41]Gagnants_perdants_2000!O14 -> 0 | E15: =[41]Gagnants_perdants_2000!P14 -> 0 | F15: =[41]Gagnants_perdants_2000!Q14 -> 0.032258065 | G15: =[41]Gagnants_perdants_2000!R14 -> 0.22580645 | H15: =[41]Gagnants_perdants_2000!S14 -> 0.74193548
B17: =[41]Gagnants_perdants_2000!M16 -> Femmes | C17: =[41]Gagnants_perdants_2000!N16 -> 0 | D17: =[41]Gagnants_perdants_2000!O16 -> 0 | E17: =[41]Gagnants_perdants_2000!P16 -> 0 | F17: =[41]Gagnants_perdants_2000!Q16 -> 0.60823755 | G17: =[41]Gagnants_perdants_2000!R16 -> 0.090038314 | H17: =[41]Gagnants_perdants_2000!S16 -> 0.30172414
B18: =[41]Gagnants_perdants_2000!M17 -> Hommes | C18: =[41]Gagnants_perdants_2000!N17 -> 0 | D18: =[41]Gagnants_perdants_2000!O17 -> 0 | E18: =[41]Gagnants_perdants_2000!P17 -> 0 | F18: =[41]Gagnants_perdants_2000!Q17 -> 0.56168831 | G18: =[41]Gagnants_perdants_2000!R17 -> 0.082792208 | H18: =[41]Gagnants_perdants_2000!S17 -> 0.35551948
B19: =[41]Gagnants_perdants_2000!M18 -> Ensemble | C19: =[41]Gagnants_perdants_2000!N18 -> 0 | D19: =[41]Gagnants_perdants_2000!O18 -> 0 | E19: =[41]Gagnants_perdants_2000!P18 -> 0 | F19: =[41]Gagnants_perdants_2000!Q18 -> 0.59096386 | G19: =[41]Gagnants_perdants_2000!R18 -> 0.087349398 | H19: =[41]Gagnants_perdants_2000!S18 -> 0.32168675
B21: Source : Insee, Destinie.

Sheet Fig B.2
A1: Figure B.2 - Impact de la génératlisation de la condition de ressources sur la pension moyenne sur cycle de vie des assurés de la génération 2000 (en %)
A2: Retour au sommaire
C4: =[42]Gagnants_perdants_2000!N3 -> -100 % | D4: =[42]Gagnants_perdants_2000!O3 -> Entre -100 % et -20 % | E4: =[42]Gagnants_perdants_2000!P3 -> Entre- 20 % à - 1 % | F4: =[42]Gagnants_perdants_2000!Q3 -> Entre - 1 % et + 1% | G4: =[42]Gagnants_perdants_2000!R3 -> Entre + 1 % et + 20 % | H4: =[42]Gagnants_perdants_2000!S3 -> Plus de 20 %
B5: =[42]Gagnants_perdants_2000!M4 -> Q1 | C5: =[42]Gagnants_perdants_2000!N4 -> 0.010273973 | D5: =[42]Gagnants_perdants_2000!O4 -> 0.010273973 | E5: =[42]Gagnants_perdants_2000!P4 -> 0.047945205 | F5: =[42]Gagnants_perdants_2000!Q4 -> 0.93150685 | G5: =[42]Gagnants_perdants_2000!R4 -> 0 | H5: =[42]Gagnants_perdants_2000!S4 -> 0
B6: =[42]Gagnants_perdants_2000!M5 -> Q2 | C6: =[42]Gagnants_perdants_2000!N5 -> 0 | D6: =[42]Gagnants_perdants_2000!O5 -> 0.0090634441 | E6: =[42]Gagnants_perdants_2000!P5 -> 0.075528701 | F6: =[42]Gagnants_perdants_2000!Q5 -> 0.91540785 | G6: =[42]Gagnants_perdants_2000!R5 -> 0 | H6: =[42]Gagnants_perdants_2000!S5 -> 0
B7: =[42]Gagnants_perdants_2000!M6 -> Q3 | C7: =[42]Gagnants_perdants_2000!N6 -> 0 | D7: =[42]Gagnants_perdants_2000!O6 -> 0.049275362 | E7: =[42]Gagnants_perdants_2000!P6 -> 0.098550725 | F7: =[42]Gagnants_perdants_2000!Q6 -> 0.84927536 | G7: =[42]Gagnants_perdants_2000!R6 -> 0.0028985507 | H7: =[42]Gagnants_perdants_2000!S6 -> 0
B8: =[42]Gagnants_perdants_2000!M7 -> Q4 | C8: =[42]Gagnants_perdants_2000!N7 -> 0.020895522 | D8: =[42]Gagnants_perdants_2000!O7 -> 0.13731343 | E8: =[42]Gagnants_perdants_2000!P7 -> 0.11940299 | F8: =[42]Gagnants_perdants_2000!Q7 -> 0.62686567 | G8: =[42]Gagnants_perdants_2000!R7 -> 0.092537313 | H8: =[42]Gagnants_perdants_2000!S7 -> 0.0029850746
B9: =[42]Gagnants_perdants_2000!M8 -> Q5 | C9: =[42]Gagnants_perdants_2000!N8 -> 0.58466454 | D9: =[42]Gagnants_perdants_2000!O8 -> 0.19488818 | E9: =[42]Gagnants_perdants_2000!P8 -> 0.054313099 | F9: =[42]Gagnants_perdants_2000!Q8 -> 0.11501597 | G9: =[42]Gagnants_perdants_2000!R8 -> 0.051118211 | H9: =[42]Gagnants_perdants_2000!S8 -> 0
B11: Q1 Monopensionnés RG+régimes alignés | C11: =[42]Gagnants_perdants_2000!N10 -> 0.0041152263 | D11: =[42]Gagnants_perdants_2000!O10 -> 0.0041152263 | E11: =[42]Gagnants_perdants_2000!P10 -> 0.037037037 | F11: =[42]Gagnants_perdants_2000!Q10 -> 0.95473251 | G11: =[42]Gagnants_perdants_2000!R10 -> 0 | H11: =[42]Gagnants_perdants_2000!S10 -> 0
B12: Q2 Monopensionnés RG+régimes alignés | C12: =[42]Gagnants_perdants_2000!N11 -> 0 | D12: =[42]Gagnants_perdants_2000!O11 -> 0 | E12: =[42]Gagnants_perdants_2000!P11 -> 0.062271062 | F12: =[42]Gagnants_perdants_2000!Q11 -> 0.93772894 | G12: =[42]Gagnants_perdants_2000!R11 -> 0 | H12: =[42]Gagnants_perdants_2000!S11 -> 0
B13: Q3 Monopensionnés RG+régimes alignés | C13: =[42]Gagnants_perdants_2000!N12 -> 0 | D13: =[42]Gagnants_perdants_2000!O12 -> 0.0037593985 | E13: =[42]Gagnants_perdants_2000!P12 -> 0.082706767 | F13: =[42]Gagnants_perdants_2000!Q12 -> 0.90977444 | G13: =[42]Gagnants_perdants_2000!R12 -> 0.0037593985 | H13: =[42]Gagnants_perdants_2000!S12 -> 0
B14: Q4 Monopensionnés RG+régimes alignés | C14: =[42]Gagnants_perdants_2000!N13 -> 0.02238806 | D14: =[42]Gagnants_perdants_2000!O13 -> 0.037313433 | E14: =[42]Gagnants_perdants_2000!P13 -> 0.11940299 | F14: =[42]Gagnants_perdants_2000!Q13 -> 0.72761194 | G14: =[42]Gagnants_perdants_2000!R13 -> 0.089552239 | H14: =[42]Gagnants_perdants_2000!S13 -> 0.0037313433
B15: Q5 Monopensionnés RG+régimes alignés | C15: =[42]Gagnants_perdants_2000!N14 -> 0.53389831 | D15: =[42]Gagnants_perdants_2000!O14 -> 0.18644068 | E15: =[42]Gagnants_perdants_2000!P14 -> 0.06779661 | F15: =[42]Gagnants_perdants_2000!Q14 -> 0.1440678 | G15: =[42]Gagnants_perdants_2000!R14 -> 0.06779661 | H15: =[42]Gagnants_perdants_2000!S14 -> 0
B17: Q1 Monopensionnés FP | C17: =[42]Gagnants_perdants_2000!N16 -> 0.2 | D17: =[42]Gagnants_perdants_2000!O16 -> 0.2 | E17: =[42]Gagnants_perdants_2000!P16 -> 0.2 | F17: =[42]Gagnants_perdants_2000!Q16 -> 0.4 | G17: =[42]Gagnants_perdants_2000!R16 -> 0 | H17: =[42]Gagnants_perdants_2000!S16 -> 0
B18: Q2 Monopensionnés FP | C18: =[42]Gagnants_perdants_2000!N17 -> 0 | D18: =[42]Gagnants_perdants_2000!O17 -> 0.33333333 | E18: =[42]Gagnants_perdants_2000!P17 -> 0 | F18: =[42]Gagnants_perdants_2000!Q17 -> 0.66666667 | G18: =[42]Gagnants_perdants_2000!R17 -> 0 | H18: =[42]Gagnants_perdants_2000!S17 -> 0
B19: Q3 Monopensionnés FP | C19: =[42]Gagnants_perdants_2000!N18 -> 0 | D19: =[42]Gagnants_perdants_2000!O18 -> 0.46153846 | E19: =[42]Gagnants_perdants_2000!P18 -> 0.15384615 | F19: =[42]Gagnants_perdants_2000!Q18 -> 0.38461538 | G19: =[42]Gagnants_perdants_2000!R18 -> 0 | H19: =[42]Gagnants_perdants_2000!S18 -> 0
B20: Q4 Monopensionnés FP | C20: =[42]Gagnants_perdants_2000!N19 -> 0 | D20: =[42]Gagnants_perdants_2000!O19 -> 0.88888889 | E20: =[42]Gagnants_perdants_2000!P19 -> 0.11111111 | F20: =[42]Gagnants_perdants_2000!Q19 -> 0 | G20: =[42]Gagnants_perdants_2000!R19 -> 0 | H20: =[42]Gagnants_perdants_2000!S19 -> 0
B21: Q5 Monopensionnés FP | C21: =[42]Gagnants_perdants_2000!N20 -> 0.73333333 | D21: =[42]Gagnants_perdants_2000!O20 -> 0.2 | E21: =[42]Gagnants_perdants_2000!P20 -> 0.066666667 | F21: =[42]Gagnants_perdants_2000!Q20 -> 0 | G21: =[42]Gagnants_perdants_2000!R20 -> 0 | H21: =[42]Gagnants_perdants_2000!S20 -> 0
B23: Q1 Polypensionnés RG+régimes alignés/FP | C23: =[42]Gagnants_perdants_2000!N22 -> 0.022727273 | D23: =[42]Gagnants_perdants_2000!O22 -> 0.022727273 | E23: =[42]Gagnants_perdants_2000!P22 -> 0.090909091 | F23: =[42]Gagnants_perdants_2000!Q22 -> 0.86363636 | G23: =[42]Gagnants_perdants_2000!R22 -> 0 | H23: =[42]Gagnants_perdants_2000!S22 -> 0
B24: Q2 Polypensionnés RG+régimes alignés/FP | C24: =[42]Gagnants_perdants_2000!N23 -> 0 | D24: =[42]Gagnants_perdants_2000!O23 -> 0.036363636 | E24: =[42]Gagnants_perdants_2000!P23 -> 0.14545455 | F24: =[42]Gagnants_perdants_2000!Q23 -> 0.81818182 | G24: =[42]Gagnants_perdants_2000!R23 -> 0 | H24: =[42]Gagnants_perdants_2000!S23 -> 0
... B27: Q5 Polypensionnés RG+régimes alignés/FP | C27: =[42]Gagnants_perdants_2000!N26 -> 0.74193548 | D27: =[42]Gagnants_perdants_2000!O26 -> 0.22580645 | E27: =[42]Gagnants_perdants_2000!P26 -> 0 | F27: =[42]Gagnants_perdants_2000!Q26 -> 0.032258065 | G27: =[42]Gagnants_perdants_2000!R26 -> 0 | H27: =[42]Gagnants_perdants_2000!S26 -> 0
B29: =[42]Gagnants_perdants_2000!M28 -> Femmes | C29: =[42]Gagnants_perdants_2000!N28 -> 0.09699321 | D29: =[42]Gagnants_perdants_2000!O28 -> 0.068865179 | E29: =[42]Gagnants_perdants_2000!P28 -> 0.095053346 | F29: =[42]Gagnants_perdants_2000!Q28 -> 0.70417071 | G29: =[42]Gagnants_perdants_2000!R28 -> 0.033947624 | H29: =[42]Gagnants_perdants_2000!S28 -> 0.0009699321
B30: =[42]Gagnants_perdants_2000!M29 -> Hommes | C30: =[42]Gagnants_perdants_2000!N29 -> 0.15897436 | D30: =[42]Gagnants_perdants_2000!O29 -> 0.1008547 | E30: =[42]Gagnants_perdants_2000!P29 -> 0.054700855 | F30: =[42]Gagnants_perdants_2000!Q29 -> 0.66324786 | G30: =[42]Gagnants_perdants_2000!R29 -> 0.022222222 | H30: =[42]Gagnants_perdants_2000!S29 -> 0
B31: =[42]Gagnants_perdants_2000!M30 -> Ensemble | C31: =[42]Gagnants_perdants_2000!N30 -> 0.11943069 | D31: =[42]Gagnants_perdants_2000!O30 -> 0.080445545 | E31: =[42]Gagnants_perdants_2000!P30 -> 0.080445545 | F31: =[42]Gagnants_perdants_2000!Q30 -> 0.68935644 | G31: =[42]Gagnants_perdants_2000!R30 -> 0.02970297 | H31: =[42]Gagnants_perdants_2000!S30 -> 0.00061881188
B33: Source : Insee, Destinie.

Sheet Fig B.3
A1: Figure B.3 - Ecart après mesures d'harmonisation (croisement) des masses de prestations de droit dérivé (en %)
A2: Retour au sommaire
C4: ='[43]Masses prestations'!D3 -> 2026 | D4: ='[43]Masses prestations'!E3 -> 2027 | E4: ='[43]Masses prestations'!F3 -> 2028 | F4: ='[43]Masses prestations'!G3 -> 2029 | G4: ='[43]Masses prestations'!H3 -> 2030 | H4: ='[43]Masses prestations'!I3 -> 2031 | I4: ='[43]Masses prestations'!J3 -> 2032 | J4: ='[43]Masses prestations'!K3 -> 2033 | ... AU4: ='[43]Masses prestations'!AV3 -> 2070
B5: ='[43]Masses prestations'!C19 -> Ensemble | C5: ='[43]Masses prestations'!D19 -> -0.030704572 | D5: ='[43]Masses prestations'!E19 -> -0.043378502 | E5: ='[43]Masses prestations'!F19 -> -0.056836076 | F5: ='[43]Masses prestations'!G19 -> -0.069268476 | G5: ='[43]Masses prestations'!H19 -> -0.080831346 | H5: ='[43]Masses prestations'!I19 -> -0.091794981 | I5: ='[43]Masses prestations'!J19 -> -0.1003871 | ... AU5: ='[43]Masses prestations'!AV19 -> -0.14953308
B6: ='[43]Masses prestations'!C20 -> Agirc-Arrco | C6: ='[43]Masses prestations'!D20 -> -0.044656562 | D6: ='[43]Masses prestations'!E20 -> -0.062687435 | E6: ='[43]Masses prestations'!F20 -> -0.08195618 | F6: ='[43]Masses prestations'!G20 -> -0.098367406 | G6: ='[43]Masses prestations'!H20 -> -0.11750876 | H6: ='[43]Masses prestations'!I20 -> -0.13542216 | I6: ='[43]Masses prestations'!J20 -> -0.14909981 | ... AU6: ='[43]Masses prestations'!AV20 -> -0.33882095
B7: ='[43]Masses prestations'!C21 -> Fonction publique | C7: ='[43]Masses prestations'!D21 -> -0.068657412 | D7: ='[43]Masses prestations'!E21 -> -0.10573253 | E7: ='[43]Masses prestations'!F21 -> -0.14640724 | F7: ='[43]Masses prestations'!G21 -> -0.18036741 | G7: ='[43]Masses prestations'!H21 -> -0.21304835 | H7: ='[43]Masses prestations'!I21 -> -0.24065272 | I7: ='[43]Masses prestations'!J21 -> -0.26601761 | ... AU7: ='[43]Masses prestations'!AV21 -> -0.49895644
B8: ='[43]Masses prestations'!C22 -> Indépendants | C8: ='[43]Masses prestations'!D22 -> -0.0011583652 | D8: ='[43]Masses prestations'!E22 -> 0.0034415549 | E8: ='[43]Masses prestations'!F22 -> 0.0096959528 | F8: ='[43]Masses prestations'!G22 -> 0.013288656 | G8: ='[43]Masses prestations'!H22 -> 0.018940285 | H8: ='[43]Masses prestations'!I22 -> 0.022493383 | I8: ='[43]Masses prestations'!J22 -> 0.025074214 | ... AU8: ='[43]Masses prestations'!AV22 -> 0.067170841
B9: ='[43]Masses prestations'!C23 -> Régime général | C9: ='[43]Masses prestations'!D23 -> 0.0080699602 | D9: ='[43]Masses prestations'!E23 -> 0.017846599 | E9: ='[43]Masses prestations'!F23 -> 0.029394301 | F9: ='[43]Masses prestations'!G23 -> 0.037429094 | G9: ='[43]Masses prestations'!H23 -> 0.048968212 | H9: ='[43]Masses prestations'!I23 -> 0.058477573 | I9: ='[43]Masses prestations'!J23 -> 0.067098324 | ... AU9: ='[43]Masses prestations'!AV23 -> 0.12095548
B11: Source : Insee, Destinie.

Sheet Tab C.1
A1: Tableau C.1 - Principaux résultats de la simulation d’évolution des droits familiaux : MDA, majorations proportionnelles avec taux progressifs selon le nombre d’enfants, bornage de l’AVPF - génération 2000 (avec plafonnement)
A2: Retour au sommaire
D4: ='[44]TABLEAU FINAL'!D3 -> Nombre d'enfants | E4: ='[44]TABLEAU FINAL'!E3 -> Durée validée totale moyenne (écart en trimestres) | F4: ='[44]TABLEAU FINAL'!F3 -> Âge de départ (écart en année) | G4: ='[44]TABLEAU FINAL'!G3 -> Pension moyenne 68 ans | H4: ='[44]TABLEAU FINAL'!H3 -> Pension moyenne CV
B5: ='[44]TABLEAU FINAL'!B4 -> Femmes | C5: ='[44]TABLEAU FINAL'!C4 -> 0 | D5: ='[44]TABLEAU FINAL'!D4 -> Ensemble | E5: ='[44]TABLEAU FINAL'!E4 -> -3.6042181 | F5: ='[44]TABLEAU FINAL'!F4 -> 0.063236668 | G5: ='[44]TABLEAU FINAL'!G4 -> 0.026391287 | H5: ='[44]TABLEAU FINAL'!H4 -> 0.023661471
B6: ='[44]TABLEAU FINAL'!B5 -> Hommes | C6: ='[44]TABLEAU FINAL'!C5 -> 0 | D6: ='[44]TABLEAU FINAL'!D5 -> Ensemble | E6: ='[44]TABLEAU FINAL'!E5 -> 0 | F6: ='[44]TABLEAU FINAL'!F5 -> 0 | G6: ='[44]TABLEAU FINAL'!G5 -> -0.022203435 | H6: ='[44]TABLEAU FINAL'!H5 -> -0.022260541
B7: ='[44]TABLEAU FINAL'!B6 -> Selon le nombre d'enfants | C7: ='[44]TABLEAU FINAL'!C6 -> 0 | D7: ='[44]TABLEAU FINAL'!D6 -> 0 | E7: ='[44]TABLEAU FINAL'!E6 -> 0 | F7: ='[44]TABLEAU FINAL'!F6 -> 0 | G7: ='[44]TABLEAU FINAL'!G6 -> 0 | H7: ='[44]TABLEAU FINAL'!H6 -> 0
B8: ='[44]TABLEAU FINAL'!B7 -> Femmes | C8: ='[44]TABLEAU FINAL'!C7 -> 0 | D8: ='[44]TABLEAU FINAL'!D7 -> 1 | E8: ='[44]TABLEAU FINAL'!E7 -> -1.4666918 | F8: ='[44]TABLEAU FINAL'!F7 -> 0.035431213 | G8: ='[44]TABLEAU FINAL'!G7 -> 0.021618328 | H8: ='[44]TABLEAU FINAL'!H7 -> 0.019975824
B9: ='[44]TABLEAU FINAL'!B8 -> 0 | C9: ='[44]TABLEAU FINAL'!C8 -> 0 | D9: ='[44]TABLEAU FINAL'!D8 -> 2 | E9: ='[44]TABLEAU FINAL'!E8 -> -3.0819952 | F9: ='[44]TABLEAU FINAL'!F8 -> 0.072476559 | G9: ='[44]TABLEAU FINAL'!G8 -> 0.04763509 | H9: ='[44]TABLEAU FINAL'!H8 -> 0.044776008
B10: ='[44]TABLEAU FINAL'!B9 -> 0 | C10: ='[44]TABLEAU FINAL'!C9 -> 0 | D10: ='[44]TABLEAU FINAL'!D9 -> 3 et plus | E10: ='[44]TABLEAU FINAL'!E9 -> -8.100916 | F10: ='[44]TABLEAU FINAL'!F9 -> 0.10849653 | G10: ='[44]TABLEAU FINAL'!G9 -> 0.014328612 | H10: ='[44]TABLEAU FINAL'!H9 -> 0.0094088972
B11: ='[44]TABLEAU FINAL'!B10 -> Hommes | C11: ='[44]TABLEAU FINAL'!C10 -> 0 | D11: ='[44]TABLEAU FINAL'!D10 -> 3 et plus | E11: ='[44]TABLEAU FINAL'!E10 -> 0 | F11: ='[44]TABLEAU FINAL'!F10 -> 0 | G11: ='[44]TABLEAU FINAL'!G10 -> -0.086884828 | H11: ='[44]TABLEAU FINAL'!H10 -> -0.087212488
B12: ='[44]TABLEAU FINAL'!B11 -> Selon le régime d'affiliation | C12: ='[44]TABLEAU FINAL'!C11 -> 0 | D12: ='[44]TABLEAU FINAL'!D11 -> 0 | E12: ='[44]TABLEAU FINAL'!E11 -> 0 | F12: ='[44]TABLEAU FINAL'!F11 -> 0 | G12: ='[44]TABLEAU FINAL'!G11 -> 0 | H12: ='[44]TABLEAU FINAL'!H11 -> 0
B13: ='[44]TABLEAU FINAL'!B12 -> Femmes | C13: ='[44]TABLEAU FINAL'!C12 -> Mono Lura | D13: ='[44]TABLEAU FINAL'!D12 -> 1 | E13: ='[44]TABLEAU FINAL'!E12 -> -2.1173333 | F13: ='[44]TABLEAU FINAL'!F12 -> 0.049212121 | G13: ='[44]TABLEAU FINAL'!G12 -> 0.017735231 | H13: ='[44]TABLEAU FINAL'!H12 -> 0.015103752
B14: ='[44]TABLEAU FINAL'!B13 -> 0 | C14: ='[44]TABLEAU FINAL'!C13 -> 0 | D14: ='[44]TABLEAU FINAL'!D13 -> 2 | E14: ='[44]TABLEAU FINAL'!E13 -> -4.3295848 | F14: ='[44]TABLEAU FINAL'!F13 -> 0.094422818 | G14: ='[44]TABLEAU FINAL'!G13 -> 0.039663156 | H14: ='[44]TABLEAU FINAL'!H13 -> 0.03526995
B15: ='[44]TABLEAU FINAL'!B14 -> 0 | C15: ='[44]TABLEAU FINAL'!C14 -> 0 | D15: ='[44]TABLEAU FINAL'!D14 -> 3 et plus | E15: ='[44]TABLEAU FINAL'!E14 -> -9.9724892 | F15: ='[44]TABLEAU FINAL'!F14 -> 0.12610703 | G15: ='[44]TABLEAU FINAL'!G14 -> 0.0072876894 | H15: ='[44]TABLEAU FINAL'!H14 -> 0.0009919601
B16: ='[44]TABLEAU FINAL'!B15 -> 0 | C16: ='[44]TABLEAU FINAL'!C15 -> Mono FP-RS | D16: ='[44]TABLEAU FINAL'!D15 -> 1 | E16: ='[44]TABLEAU FINAL'!E15 -> 1.75 | F16: ='[44]TABLEAU FINAL'!F15 -> -0.099537037 | G16: ='[44]TABLEAU FINAL'!G15 -> 0.046821873 | H16: ='[44]TABLEAU FINAL'!H15 -> 0.051821959
... B43: ='[44]TABLEAU FINAL'!B42 -> 0 | C43: ='[44]TABLEAU FINAL'!C42 -> 0 | D43: ='[44]TABLEAU FINAL'!D42 -> 3 et plus | E43: ='[44]TABLEAU FINAL'!E42 -> -5.5522682 | F43: ='[44]TABLEAU FINAL'!F42 -> 0.12697239 | G43: ='[44]TABLEAU FINAL'!G42 -> -0.014553033 | H43: ='[44]TABLEAU FINAL'!H42 -> -0.019102764
B45: Source : Cnav-DSPR – modèle Prisme échantillon 1/20ème

Sheet Tab C.2
A1: Tableau C.2 - Principaux résultats de la simulation d’évolution des droits familiaux : MDA, majorations proportionnelles avec taux progressifs selon le nombre d’enfants, bornage de l’AVPF - génération 1966 (avec plafonnement)
A2: Retour au sommaire
D4: ='[45]TABLEAU FINAL'!D3 -> Nombre d'enfants | E4: ='[45]TABLEAU FINAL'!E3 -> Durée validée totale moyenne (écart en trimestres) | F4: ='[45]TABLEAU FINAL'!F3 -> Âge de départ (écart en année) | G4: ='[45]TABLEAU FINAL'!G3 -> Pension moyenne 68 ans | H4: ='[45]TABLEAU FINAL'!H3 -> Pension moyenne CV
B5: ='[45]TABLEAU FINAL'!B4 -> Femmes | D5: ='[45]TABLEAU FINAL'!D4 -> Ensemble | E5: ='[45]TABLEAU FINAL'!E4 -> 0 | F5: ='[45]TABLEAU FINAL'!F4 -> 0 | G5: ='[45]TABLEAU FINAL'!G4 -> 0.03056507 | H5: ='[45]TABLEAU FINAL'!H4 -> 0.029717513
B6: ='[45]TABLEAU FINAL'!B5 -> Hommes | D6: ='[45]TABLEAU FINAL'!D5 -> Ensemble | E6: ='[45]TABLEAU FINAL'!E5 -> 0 | F6: ='[45]TABLEAU FINAL'!F5 -> 0 | G6: ='[45]TABLEAU FINAL'!G5 -> -0.025391884 | H6: ='[45]TABLEAU FINAL'!H5 -> -0.025170596
B7: ='[45]TABLEAU FINAL'!B6 -> Selon le nombre d'enfants
B8: ='[45]TABLEAU FINAL'!B7 -> Femmes | D8: ='[45]TABLEAU FINAL'!D7 -> 1 | E8: ='[45]TABLEAU FINAL'!E7 -> 0 | F8: ='[45]TABLEAU FINAL'!F7 -> 0 | G8: ='[45]TABLEAU FINAL'!G7 -> 0.021574077 | H8: ='[45]TABLEAU FINAL'!H7 -> 0.021209541
D9: ='[45]TABLEAU FINAL'!D8 -> 2 | E9: ='[45]TABLEAU FINAL'!E8 -> 0 | F9: ='[45]TABLEAU FINAL'!F8 -> 0 | G9: ='[45]TABLEAU FINAL'!G8 -> 0.046107268 | H9: ='[45]TABLEAU FINAL'!H8 -> 0.045450236
D10: ='[45]TABLEAU FINAL'!D9 -> 3 et plus | E10: ='[45]TABLEAU FINAL'!E9 -> 0 | F10: ='[45]TABLEAU FINAL'!F9 -> 0 | G10: ='[45]TABLEAU FINAL'!G9 -> 0.027089906 | H10: ='[45]TABLEAU FINAL'!H9 -> 0.025335438
B11: ='[45]TABLEAU FINAL'!B10 -> Hommes | D11: ='[45]TABLEAU FINAL'!D10 -> 3 et plus | E11: ='[45]TABLEAU FINAL'!E10 -> 0 | F11: ='[45]TABLEAU FINAL'!F10 -> 0 | G11: ='[45]TABLEAU FINAL'!G10 -> -0.082679125 | H11: ='[45]TABLEAU FINAL'!H10 -> -0.082179703
B12: ='[45]TABLEAU FINAL'!B11 -> Selon le régime d'affiliation
B13: ='[45]TABLEAU FINAL'!B12 -> Femmes | C13: ='[45]TABLEAU FINAL'!C12 -> Mono Lura | D13: ='[45]TABLEAU FINAL'!D12 -> 1 | E13: ='[45]TABLEAU FINAL'!E12 -> 0 | F13: ='[45]TABLEAU FINAL'!F12 -> 0 | G13: ='[45]TABLEAU FINAL'!G12 -> 0.022800926 | H13: ='[45]TABLEAU FINAL'!H12 -> 0.022621311
D14: ='[45]TABLEAU FINAL'!D13 -> 2 | E14: ='[45]TABLEAU FINAL'!E13 -> 0 | F14: ='[45]TABLEAU FINAL'!F13 -> 0 | G14: ='[45]TABLEAU FINAL'!G13 -> 0.048181457 | H14: ='[45]TABLEAU FINAL'!H13 -> 0.047920706
D15: ='[45]TABLEAU FINAL'!D14 -> 3 et plus | E15: ='[45]TABLEAU FINAL'!E14 -> 0 | F15: ='[45]TABLEAU FINAL'!F14 -> 0 | G15: ='[45]TABLEAU FINAL'!G14 -> 0.036475928 | H15: ='[45]TABLEAU FINAL'!H14 -> 0.035321062
C16: ='[45]TABLEAU FINAL'!C15 -> Mono FP-RS | D16: ='[45]TABLEAU FINAL'!D15 -> 1 | E16: ='[45]TABLEAU FINAL'!E15 -> 0 | F16: ='[45]TABLEAU FINAL'!F15 -> 0 | G16: ='[45]TABLEAU FINAL'!G15 -> 0.020324154 | H16: ='[45]TABLEAU FINAL'!H15 -> 0.019970445
D17: ='[45]TABLEAU FINAL'!D16 -> 2 | E17: ='[45]TABLEAU FINAL'!E16 -> 0 | F17: ='[45]TABLEAU FINAL'!F16 -> 0 | G17: ='[45]TABLEAU FINAL'!G16 -> 0.039758742 | H17: ='[45]TABLEAU FINAL'!H16 -> 0.039028712
D18: ='[45]TABLEAU FINAL'!D17 -> 3 et plus | E18: ='[45]TABLEAU FINAL'!E17 -> 0 | F18: ='[45]TABLEAU FINAL'!F17 -> 0 | G18: ='[45]TABLEAU FINAL'!G17 -> -0.00072433902 | H18: ='[45]TABLEAU FINAL'!H17 -> -0.0013838432
C19: ='[45]TABLEAU FINAL'!C18 -> Mono MSAE-PLIB | D19: ='[45]TABLEAU FINAL'!D18 -> 1 | E19: ='[45]TABLEAU FINAL'!E18 -> 0 | F19: ='[45]TABLEAU FINAL'!F18 -> 0 | G19: ='[45]TABLEAU FINAL'!G18 -> 0.027032093 | H19: ='[45]TABLEAU FINAL'!H18 -> 0.027742496
D20: ='[45]TABLEAU FINAL'!D19 -> 2 | E20: ='[45]TABLEAU FINAL'!E19 -> 0 | F20: ='[45]TABLEAU FINAL'!F19 -> 0 | G20: ='[45]TABLEAU FINAL'!G19 -> 0.058265438 | H20: ='[45]TABLEAU FINAL'!H19 -> 0.057764433
D21: ='[45]TABLEAU FINAL'!D20 -> 3 et plus | E21: ='[45]TABLEAU FINAL'!E20 -> 0 | F21: ='[45]TABLEAU FINAL'!F20 -> 0 | G21: ='[45]TABLEAU FINAL'!G20 -> 0.063020744 | H21: ='[45]TABLEAU FINAL'!H20 -> 0.061030263
C22: ='[45]TABLEAU FINAL'!C21 -> Poly Lura-FP-RS | D22: ='[45]TABLEAU FINAL'!D21 -> 1 | E22: ='[45]TABLEAU FINAL'!E21 -> 0 | F22: ='[45]TABLEAU FINAL'!F21 -> 0 | G22: ='[45]TABLEAU FINAL'!G21 -> 0.017617816 | H22: ='[45]TABLEAU FINAL'!H21 -> 0.017353531
D23: ='[45]TABLEAU FINAL'!D22 -> 2 | E23: ='[45]TABLEAU FINAL'!E22 -> 0 | F23: ='[45]TABLEAU FINAL'!F22 -> 0 | G23: ='[45]TABLEAU FINAL'!G22 -> 0.040879703 | H23: ='[45]TABLEAU FINAL'!H22 -> 0.039544173
D24: ='[45]TABLEAU FINAL'!D23 -> 3 et plus | E24: ='[45]TABLEAU FINAL'!E23 -> 0 | F24: ='[45]TABLEAU FINAL'!F23 -> 0 | G24: ='[45]TABLEAU FINAL'!G23 -> 0.0048550503 | H24: ='[45]TABLEAU FINAL'!H23 -> 0.0033407623
C25: ='[45]TABLEAU FINAL'!C24 -> Poly Lura-MSAE-PLIB | D25: ='[45]TABLEAU FINAL'!D24 -> 1 | E25: ='[45]TABLEAU FINAL'!E24 -> 0 | F25: ='[45]TABLEAU FINAL'!F24 -> 0 | G25: ='[45]TABLEAU FINAL'!G24 -> 0.022980923 | H25: ='[45]TABLEAU FINAL'!H24 -> 0.02224811
D26: ='[45]TABLEAU FINAL'!D25 -> 2 | E26: ='[45]TABLEAU FINAL'!E25 -> 0 | F26: ='[45]TABLEAU FINAL'!F25 -> 0 | G26: ='[45]TABLEAU FINAL'!G25 -> 0.046608407 | H26: ='[45]TABLEAU FINAL'!H25 -> 0.045763893
D27: ='[45]TABLEAU FINAL'!D26 -> 3 et plus | E27: ='[45]TABLEAU FINAL'!E26 -> 0 | F27: ='[45]TABLEAU FINAL'!F26 -> 0 | G27: ='[45]TABLEAU FINAL'!G26 -> 0.016831324 | H27: ='[45]TABLEAU FINAL'!H26 -> 0.015265473
B28: ='[45]TABLEAU FINAL'!B27 -> Selon le quintile de pension
B29: ='[45]TABLEAU FINAL'!B28 -> Femmes | C29: ='[45]TABLEAU FINAL'!C28 -> Q1 | D29: ='[45]TABLEAU FINAL'!D28 -> 1 | E29: ='[45]TABLEAU FINAL'!E28 -> 0 | F29: ='[45]TABLEAU FINAL'!F28 -> 0 | G29: ='[45]TABLEAU FINAL'!G28 -> 0.029009988 | H29: ='[45]TABLEAU FINAL'!H28 -> 0.028731955
D30: ='[45]TABLEAU FINAL'!D29 -> 2 | E30: ='[45]TABLEAU FINAL'!E29 -> 0 | F30: ='[45]TABLEAU FINAL'!F29 -> 0 | G30: ='[45]TABLEAU FINAL'!G29 -> 0.057811079 | H30: ='[45]TABLEAU FINAL'!H29 -> 0.057472992
D31: ='[45]TABLEAU FINAL'!D30 -> 3 et plus | E31: ='[45]TABLEAU FINAL'!E30 -> 0 | F31: ='[45]TABLEAU FINAL'!F30 -> 0 | G31: ='[45]TABLEAU FINAL'!G30 -> 0.089437331 | H31: ='[45]TABLEAU FINAL'!H30 -> 0.088589583
C32: ='[45]TABLEAU FINAL'!C31 -> Q2 | D32: ='[45]TABLEAU FINAL'!D31 -> 1 | E32: ='[45]TABLEAU FINAL'!E31 -> 0 | F32: ='[45]TABLEAU FINAL'!F31 -> 0 | G32: ='[45]TABLEAU FINAL'!G31 -> 0.022757271 | H32: ='[45]TABLEAU FINAL'!H31 -> 0.021864813
D33: ='[45]TABLEAU FINAL'!D32 -> 2 | E33: ='[45]TABLEAU FINAL'!E32 -> 0 | F33: ='[45]TABLEAU FINAL'!F32 -> 0 | G33: ='[45]TABLEAU FINAL'!G32 -> 0.04996914 | H33: ='[45]TABLEAU FINAL'!H32 -> 0.048303587
D34: ='[45]TABLEAU FINAL'!D33 -> 3 et plus | E34: ='[45]TABLEAU FINAL'!E33 -> 0 | F34: ='[45]TABLEAU FINAL'!F33 -> 0 | G34: ='[45]TABLEAU FINAL'!G33 -> 0.082210375 | H34: ='[45]TABLEAU FINAL'!H33 -> 0.079506111
C35: ='[45]TABLEAU FINAL'!C34 -> Q3 | D35: ='[45]TABLEAU FINAL'!D34 -> 1 | E35: ='[45]TABLEAU FINAL'!E34 -> 0 | F35: ='[45]TABLEAU FINAL'!F34 -> 0 | G35: ='[45]TABLEAU FINAL'!G34 -> 0.020901307 | H35: ='[45]TABLEAU FINAL'!H34 -> 0.02064022
D36: ='[45]TABLEAU FINAL'!D35 -> 2 | E36: ='[45]TABLEAU FINAL'!E35 -> 0 | F36: ='[45]TABLEAU FINAL'!F35 -> 0 | G36: ='[45]TABLEAU FINAL'!G35 -> 0.046172184 | H36: ='[45]TABLEAU FINAL'!H35 -> 0.045435889
D37: ='[45]TABLEAU FINAL'!D36 -> 3 et plus | E37: ='[45]TABLEAU FINAL'!E36 -> 0 | F37: ='[45]TABLEAU FINAL'!F36 -> 0 | G37: ='[45]TABLEAU FINAL'!G36 -> 0.061871092 | H37: ='[45]TABLEAU FINAL'!H36 -> 0.059910819
C38: ='[45]TABLEAU FINAL'!C37 -> Q4 | D38: ='[45]TABLEAU FINAL'!D37 -> 1 | E38: ='[45]TABLEAU FINAL'!E37 -> 0 | F38: ='[45]TABLEAU FINAL'!F37 -> 0 | G38: ='[45]TABLEAU FINAL'!G37 -> 0.021214081 | H38: ='[45]TABLEAU FINAL'!H37 -> 0.020968908
D39: ='[45]TABLEAU FINAL'!D38 -> 2 | E39: ='[45]TABLEAU FINAL'!E38 -> 0 | F39: ='[45]TABLEAU FINAL'!F38 -> 0 | G39: ='[45]TABLEAU FINAL'!G38 -> 0.045312723 | H39: ='[45]TABLEAU FINAL'!H38 -> 0.044743399
D40: ='[45]TABLEAU FINAL'!D39 -> 3 et plus | E40: ='[45]TABLEAU FINAL'!E39 -> 0 | F40: ='[45]TABLEAU FINAL'!F39 -> 0 | G40: ='[45]TABLEAU FINAL'!G39 -> 0.025562934 | H40: ='[45]TABLEAU FINAL'!H39 -> 0.023799958
C41: ='[45]TABLEAU FINAL'!C40 -> Q5 | D41: ='[45]TABLEAU FINAL'!D40 -> 1 | E41: ='[45]TABLEAU FINAL'!E40 -> 0 | F41: ='[45]TABLEAU FINAL'!F40 -> 0 | G41: ='[45]TABLEAU FINAL'!G40 -> 0.020605583 | H41: ='[45]TABLEAU FINAL'!H40 -> 0.020353528
D42: ='[45]TABLEAU FINAL'!D41 -> 2 | E42: ='[45]TABLEAU FINAL'!E41 -> 0 | F42: ='[45]TABLEAU FINAL'!F41 -> 0 | G42: ='[45]TABLEAU FINAL'!G41 -> 0.043311991 | H42: ='[45]TABLEAU FINAL'!H41 -> 0.0430948
D43: ='[45]TABLEAU FINAL'!D42 -> 3 et plus | E43: ='[45]TABLEAU FINAL'!E42 -> 0 | F43: ='[45]TABLEAU FINAL'!F42 -> 0 | G43: ='[45]TABLEAU FINAL'!G42 -> -0.021728736 | H43: ='[45]TABLEAU FINAL'!H42 -> -0.021888003
B45: Source : Cnav-DSPR – modèle Prisme échantillon 1/20ème

Sheet Tab C.3
A1: Tableau C.3 - Principaux résultats de la simulation d’évolution des droits familiaux : MDA, majorations proportionnelles avec taux progressifs selon le nombre d’enfants, bornage de l’AVPF - génération 2000 (hors plafonnement)
A2: Retour au sommaire
D4: ='[46]TABLEAU FINAL'!D3 -> Nombre d'enfants | E4: ='[46]TABLEAU FINAL'!E3 -> Durée validée totale moyenne (écart en trimestres) | F4: ='[46]TABLEAU FINAL'!F3 -> Âge de départ (écart en année) | G4: ='[46]TABLEAU FINAL'!G3 -> Pension moyenne 68 ans | H4: ='[46]TABLEAU FINAL'!H3 -> Pension moyenne CV
B5: ='[46]TABLEAU FINAL'!B4 -> Femmes | D5: ='[46]TABLEAU FINAL'!D4 -> Ensemble | E5: ='[46]TABLEAU FINAL'!E4 -> -3.6042181 | F5: ='[46]TABLEAU FINAL'!F4 -> 0.063236668 | G5: ='[46]TABLEAU FINAL'!G4 -> 0.034507865 | H5: ='[46]TABLEAU FINAL'!H4 -> 0.031753433
B6: ='[46]TABLEAU FINAL'!B5 -> Hommes | D6: ='[46]TABLEAU FINAL'!D5 -> Ensemble | E6: ='[46]TABLEAU FINAL'!E5 -> 0 | F6: ='[46]TABLEAU FINAL'!F5 -> 0 | G6: ='[46]TABLEAU FINAL'!G5 -> -0.022203435 | H6: ='[46]TABLEAU FINAL'!H5 -> -0.022260541
B7: ='[46]TABLEAU FINAL'!B6 -> Selon le nombre d'enfants
B8: ='[46]TABLEAU FINAL'!B7 -> Femmes | D8: ='[46]TABLEAU FINAL'!D7 -> 1 | E8: ='[46]TABLEAU FINAL'!E7 -> -1.4666918 | F8: ='[46]TABLEAU FINAL'!F7 -> 0.035431213 | G8: ='[46]TABLEAU FINAL'!G7 -> 0.021623976 | H8: ='[46]TABLEAU FINAL'!H7 -> 0.019981261
D9: ='[46]TABLEAU FINAL'!D8 -> 2 | E9: ='[46]TABLEAU FINAL'!E8 -> -3.0819952 | F9: ='[46]TABLEAU FINAL'!F8 -> 0.072476559 | G9: ='[46]TABLEAU FINAL'!G8 -> 0.048254742 | H9: ='[46]TABLEAU FINAL'!H8 -> 0.045384991
D10: ='[46]TABLEAU FINAL'!D9 -> 3 et plus | E10: ='[46]TABLEAU FINAL'!E9 -> -8.100916 | F10: ='[46]TABLEAU FINAL'!F9 -> 0.10849653 | G10: ='[46]TABLEAU FINAL'!G9 -> 0.046441736 | H10: ='[46]TABLEAU FINAL'!H9 -> 0.041532432
B11: ='[46]TABLEAU FINAL'!B10 -> Hommes | D11: ='[46]TABLEAU FINAL'!D10 -> 3 et plus | E11: ='[46]TABLEAU FINAL'!E10 -> 0 | F11: ='[46]TABLEAU FINAL'!F10 -> 0 | G11: ='[46]TABLEAU FINAL'!G10 -> -0.086884828 | H11: ='[46]TABLEAU FINAL'!H10 -> -0.087212488
B12: ='[46]TABLEAU FINAL'!B11 -> Selon le régime d'affiliation
B13: ='[46]TABLEAU FINAL'!B12 -> Femmes | C13: ='[46]TABLEAU FINAL'!C12 -> Mono Lura | D13: ='[46]TABLEAU FINAL'!D12 -> 1 | E13: ='[46]TABLEAU FINAL'!E12 -> -2.1173333 | F13: ='[46]TABLEAU FINAL'!F12 -> 0.049212121 | G13: ='[46]TABLEAU FINAL'!G12 -> 0.017742715 | H13: ='[46]TABLEAU FINAL'!H12 -> 0.015110987
D14: ='[46]TABLEAU FINAL'!D13 -> 2 | E14: ='[46]TABLEAU FINAL'!E13 -> -4.3295848 | F14: ='[46]TABLEAU FINAL'!F13 -> 0.094422818 | G14: ='[46]TABLEAU FINAL'!G13 -> 0.040449573 | H14: ='[46]TABLEAU FINAL'!H13 -> 0.036049104
D15: ='[46]TABLEAU FINAL'!D14 -> 3 et plus | E15: ='[46]TABLEAU FINAL'!E14 -> -9.9724892 | F15: ='[46]TABLEAU FINAL'!F14 -> 0.12610703 | G15: ='[46]TABLEAU FINAL'!G14 -> 0.035938053 | H15: ='[46]TABLEAU FINAL'!H14 -> 0.029564876
C16: ='[46]TABLEAU FINAL'!C15 -> Mono FP-RS | D16: ='[46]TABLEAU FINAL'!D15 -> 1 | E16: ='[46]TABLEAU FINAL'!E15 -> 1.75 | F16: ='[46]TABLEAU FINAL'!F15 -> -0.099537037 | G16: ='[46]TABLEAU FINAL'!G15 -> 0.046821873 | H16: ='[46]TABLEAU FINAL'!H15 -> 0.051821959
D17: ='[46]TABLEAU FINAL'!D16 -> 2 | E17: ='[46]TABLEAU FINAL'!E16 -> 4.0095238 | F17: ='[46]TABLEAU FINAL'!F16 -> -0.16111111 | G17: ='[46]TABLEAU FINAL'!G16 -> 0.10226011 | H17: ='[46]TABLEAU FINAL'!H16 -> 0.1088812
D18: ='[46]TABLEAU FINAL'!D17 -> 3 et plus | E18: ='[46]TABLEAU FINAL'!E17 -> 6.9583333 | F18: ='[46]TABLEAU FINAL'!F17 -> -0.036458333 | G18: ='[46]TABLEAU FINAL'!G17 -> 0.15466153 | H18: ='[46]TABLEAU FINAL'!H17 -> 0.16319659
C19: ='[46]TABLEAU FINAL'!C18 -> Mono MSAE-PLIB | D19: ='[46]TABLEAU FINAL'!D18 -> 1 | E19: ='[46]TABLEAU FINAL'!E18 -> -2.4 | F19: ='[46]TABLEAU FINAL'!F18 -> 0 | G19: ='[46]TABLEAU FINAL'!G18 -> 0.02749952 | H19: ='[46]TABLEAU FINAL'!H18 -> 0.028308395
D20: ='[46]TABLEAU FINAL'!D19 -> 2 | E20: ='[46]TABLEAU FINAL'!E19 -> -4 | F20: ='[46]TABLEAU FINAL'!F19 -> 0.064814815 | G20: ='[46]TABLEAU FINAL'!G19 -> 0.05604728 | H20: ='[46]TABLEAU FINAL'!H19 -> 0.052391568
D21: ='[46]TABLEAU FINAL'!D20 -> 3 et plus | E21: ='[46]TABLEAU FINAL'!E20 -> -12.5 | F21: ='[46]TABLEAU FINAL'!F20 -> 0 | G21: ='[46]TABLEAU FINAL'!G20 -> 0.1312133 | H21: ='[46]TABLEAU FINAL'!H20 -> 0.13132166
C22: ='[46]TABLEAU FINAL'!C21 -> Poly Lura-FP-RS | D22: ='[46]TABLEAU FINAL'!D21 -> 1 | E22: ='[46]TABLEAU FINAL'!E21 -> 1.831309 | F22: ='[46]TABLEAU FINAL'!F21 -> -0.030251912 | G22: ='[46]TABLEAU FINAL'!G21 -> 0.037835595 | H22: ='[46]TABLEAU FINAL'!H21 -> 0.039704438
D23: ='[46]TABLEAU FINAL'!D22 -> 2 | E23: ='[46]TABLEAU FINAL'!E22 -> 3.7750654 | F23: ='[46]TABLEAU FINAL'!F22 -> -0.04141238 | G23: ='[46]TABLEAU FINAL'!G22 -> 0.081897187 | H23: ='[46]TABLEAU FINAL'!H22 -> 0.085212735
D24: ='[46]TABLEAU FINAL'!D23 -> 3 et plus | E24: ='[46]TABLEAU FINAL'!E23 -> 5.8303716 | F24: ='[46]TABLEAU FINAL'!F23 -> -0.016289715 | G24: ='[46]TABLEAU FINAL'!G23 -> 0.097944181 | H24: ='[46]TABLEAU FINAL'!H23 -> 0.10012773
C25: ='[46]TABLEAU FINAL'!C24 -> Poly Lura-MSAE-PLIB | D25: ='[46]TABLEAU FINAL'!D24 -> 1 | E25: ='[46]TABLEAU FINAL'!E24 -> -2.4460967 | F25: ='[46]TABLEAU FINAL'!F24 -> 0.060718711 | G25: ='[46]TABLEAU FINAL'!G24 -> 0.012399702 | H25: ='[46]TABLEAU FINAL'!H24 -> 0.0095950632
D26: ='[46]TABLEAU FINAL'!D25 -> 2 | E26: ='[46]TABLEAU FINAL'!E25 -> -5.1557562 | F26: ='[46]TABLEAU FINAL'!F25 -> 0.12001505 | G26: ='[46]TABLEAU FINAL'!G25 -> 0.035533577 | H26: ='[46]TABLEAU FINAL'!H25 -> 0.030420341
D27: ='[46]TABLEAU FINAL'!D26 -> 3 et plus | E27: ='[46]TABLEAU FINAL'!E26 -> -9.6737589 | F27: ='[46]TABLEAU FINAL'!F26 -> 0.13150118 | G27: ='[46]TABLEAU FINAL'!G26 -> 0.030246515 | H27: ='[46]TABLEAU FINAL'!H26 -> 0.022022893
B28: ='[46]TABLEAU FINAL'!B27 -> Selon le quintile de pension
B29: ='[46]TABLEAU FINAL'!B28 -> Femmes | C29: ='[46]TABLEAU FINAL'!C28 -> Q1 | D29: ='[46]TABLEAU FINAL'!D28 -> 1 | E29: ='[46]TABLEAU FINAL'!E28 -> -0.99385875 | F29: ='[46]TABLEAU FINAL'!F28 -> 0.002132378 | G29: ='[46]TABLEAU FINAL'!G28 -> 0.021352918 | H29: ='[46]TABLEAU FINAL'!H28 -> 0.020906673
D30: ='[46]TABLEAU FINAL'!D29 -> 2 | E30: ='[46]TABLEAU FINAL'!E29 -> -1.7960358 | F30: ='[46]TABLEAU FINAL'!F29 -> 0.0051150895 | G30: ='[46]TABLEAU FINAL'!G29 -> 0.046936031 | H30: ='[46]TABLEAU FINAL'!H29 -> 0.046815475
D31: ='[46]TABLEAU FINAL'!D30 -> 3 et plus | E31: ='[46]TABLEAU FINAL'!E30 -> -11.757595 | F31: ='[46]TABLEAU FINAL'!F30 -> 0.011635423 | G31: ='[46]TABLEAU FINAL'!G30 -> -0.046534207 | H31: ='[46]TABLEAU FINAL'!H30 -> -0.048394521
C32: ='[46]TABLEAU FINAL'!C31 -> Q2 | D32: ='[46]TABLEAU FINAL'!D31 -> 1 | E32: ='[46]TABLEAU FINAL'!E31 -> -1.8161593 | F32: ='[46]TABLEAU FINAL'!F31 -> 0.057084309 | G32: ='[46]TABLEAU FINAL'!G31 -> 0.022419617 | H32: ='[46]TABLEAU FINAL'!H31 -> 0.019641862
D33: ='[46]TABLEAU FINAL'!D32 -> 2 | E33: ='[46]TABLEAU FINAL'!E32 -> -3.9045599 | F33: ='[46]TABLEAU FINAL'!F32 -> 0.12071403 | G33: ='[46]TABLEAU FINAL'!G32 -> 0.046435196 | H33: ='[46]TABLEAU FINAL'!H32 -> 0.041341231
D34: ='[46]TABLEAU FINAL'!D33 -> 3 et plus | E34: ='[46]TABLEAU FINAL'!E33 -> -9.0624049 | F34: ='[46]TABLEAU FINAL'!F33 -> 0.20364028 | G34: ='[46]TABLEAU FINAL'!G33 -> 0.055124517 | H34: ='[46]TABLEAU FINAL'!H33 -> 0.044734226
C35: ='[46]TABLEAU FINAL'!C34 -> Q3 | D35: ='[46]TABLEAU FINAL'!D34 -> 1 | E35: ='[46]TABLEAU FINAL'!E34 -> -1.3851626 | F35: ='[46]TABLEAU FINAL'!F34 -> 0.040904472 | G35: ='[46]TABLEAU FINAL'!G34 -> 0.021710372 | H35: ='[46]TABLEAU FINAL'!H34 -> 0.020627591
D36: ='[46]TABLEAU FINAL'!D35 -> 2 | E36: ='[46]TABLEAU FINAL'!E35 -> -2.7866667 | F36: ='[46]TABLEAU FINAL'!F35 -> 0.081018519 | G36: ='[46]TABLEAU FINAL'!G35 -> 0.04632515 | H36: ='[46]TABLEAU FINAL'!H35 -> 0.043261758
D37: ='[46]TABLEAU FINAL'!D36 -> 3 et plus | E37: ='[46]TABLEAU FINAL'!E36 -> -7.2477679 | F37: ='[46]TABLEAU FINAL'!F36 -> 0.11737351 | G37: ='[46]TABLEAU FINAL'!G36 -> 0.045329865 | H37: ='[46]TABLEAU FINAL'!H36 -> 0.040345738
C38: ='[46]TABLEAU FINAL'!C37 -> Q4 | D38: ='[46]TABLEAU FINAL'!D37 -> 1 | E38: ='[46]TABLEAU FINAL'!E37 -> -1.3028286 | F38: ='[46]TABLEAU FINAL'!F37 -> 0.035912368 | G38: ='[46]TABLEAU FINAL'!G37 -> 0.021394439 | H38: ='[46]TABLEAU FINAL'!H37 -> 0.019855679
D39: ='[46]TABLEAU FINAL'!D38 -> 2 | E39: ='[46]TABLEAU FINAL'!E38 -> -2.8871152 | F39: ='[46]TABLEAU FINAL'!F38 -> 0.060480806 | G39: ='[46]TABLEAU FINAL'!G38 -> 0.049702869 | H39: ='[46]TABLEAU FINAL'!H38 -> 0.047928843
D40: ='[46]TABLEAU FINAL'!D39 -> 3 et plus | E40: ='[46]TABLEAU FINAL'!E39 -> -5.2353998 | F40: ='[46]TABLEAU FINAL'!F39 -> 0.10324948 | G40: ='[46]TABLEAU FINAL'!G39 -> 0.04936787 | H40: ='[46]TABLEAU FINAL'!H39 -> 0.045574355
C41: ='[46]TABLEAU FINAL'!C40 -> Q5 | D41: ='[46]TABLEAU FINAL'!D40 -> 1 | E41: ='[46]TABLEAU FINAL'!E40 -> -1.8104524 | F41: ='[46]TABLEAU FINAL'!F40 -> 0.041731669 | G41: ='[46]TABLEAU FINAL'!G40 -> 0.021558358 | H41: ='[46]TABLEAU FINAL'!H40 -> 0.019771929
D42: ='[46]TABLEAU FINAL'!D41 -> 2 | E42: ='[46]TABLEAU FINAL'!E41 -> -3.8323016 | F42: ='[46]TABLEAU FINAL'!F41 -> 0.083755393 | G42: ='[46]TABLEAU FINAL'!G41 -> 0.049287957 | H42: ='[46]TABLEAU FINAL'!H41 -> 0.046278557
D43: ='[46]TABLEAU FINAL'!D42 -> 3 et plus | E43: ='[46]TABLEAU FINAL'!E42 -> -5.5522682 | F43: ='[46]TABLEAU FINAL'!F42 -> 0.12697239 | G43: ='[46]TABLEAU FINAL'!G42 -> 0.065270011 | H43: ='[46]TABLEAU FINAL'!H42 -> 0.060262512
B45: Source : Cnav-DSPR – modèle Prisme échantillon 1/20ème

Sheet Tab C.4
A1: Tableau C.4 - Principaux résultats de la simulation d’évolution des droits familiaux : MDA, majorations proportionnelles avec taux progressifs selon le nombre d’enfants, bornage de l’AVPF - génération 1966 (hors plafonnement)
A2: Retour au sommaire
D4: ='[47]TABLEAU FINAL'!D3 -> Nombre d'enfants | E4: ='[47]TABLEAU FINAL'!E3 -> Durée validée totale moyenne (écart en trimestres) | F4: ='[47]TABLEAU FINAL'!F3 -> Âge de départ (écart en année) | G4: ='[47]TABLEAU FINAL'!G3 -> Pension moyenne 68 ans | H4: ='[47]TABLEAU FINAL'!H3 -> Pension moyenne CV
B5: ='[47]TABLEAU FINAL'!B4 -> Femmes | D5: ='[47]TABLEAU FINAL'!D4 -> Ensemble | E5: ='[47]TABLEAU FINAL'!E4 -> 0 | F5: ='[47]TABLEAU FINAL'!F4 -> 0 | G5: ='[47]TABLEAU FINAL'!G4 -> 0.045318594 | H5: ='[47]TABLEAU FINAL'!H4 -> 0.044573944
B6: ='[47]TABLEAU FINAL'!B5 -> Hommes | D6: ='[47]TABLEAU FINAL'!D5 -> Ensemble | E6: ='[47]TABLEAU FINAL'!E5 -> 0 | F6: ='[47]TABLEAU FINAL'!F5 -> 0 | G6: ='[47]TABLEAU FINAL'!G5 -> -0.025240315 | H6: ='[47]TABLEAU FINAL'!H5 -> -0.024953812
B7: ='[47]TABLEAU FINAL'!B6 -> Selon le nombre d'enfants
B8: ='[47]TABLEAU FINAL'!B7 -> Femmes | D8: ='[47]TABLEAU FINAL'!D7 -> 1 | E8: ='[47]TABLEAU FINAL'!E7 -> 0 | F8: ='[47]TABLEAU FINAL'!F7 -> 0 | G8: ='[47]TABLEAU FINAL'!G7 -> 0.02163313 | H8: ='[47]TABLEAU FINAL'!H7 -> 0.021299737
D9: ='[47]TABLEAU FINAL'!D8 -> 2 | E9: ='[47]TABLEAU FINAL'!E8 -> 0 | F9: ='[47]TABLEAU FINAL'!F8 -> 0 | G9: ='[47]TABLEAU FINAL'!G8 -> 0.046614692 | H9: ='[47]TABLEAU FINAL'!H8 -> 0.045941448
D10: ='[47]TABLEAU FINAL'!D9 -> 3 et plus | E10: ='[47]TABLEAU FINAL'!E9 -> 0 | F10: ='[47]TABLEAU FINAL'!F9 -> 0 | G10: ='[47]TABLEAU FINAL'!G9 -> 0.072681744 | H10: ='[47]TABLEAU FINAL'!H9 -> 0.070907674
B11: ='[47]TABLEAU FINAL'!B10 -> Hommes | D11: ='[47]TABLEAU FINAL'!D10 -> 3 et plus | E11: ='[47]TABLEAU FINAL'!E10 -> 0 | F11: ='[47]TABLEAU FINAL'!F10 -> 0 | G11: ='[47]TABLEAU FINAL'!G10 -> -0.082185598 | H11: ='[47]TABLEAU FINAL'!H10 -> -0.081471924
B12: ='[47]TABLEAU FINAL'!B11 -> Selon le régime d'affiliation
B13: ='[47]TABLEAU FINAL'!B12 -> Femmes | C13: ='[47]TABLEAU FINAL'!C12 -> Mono Lura | D13: ='[47]TABLEAU FINAL'!D12 -> 1 | E13: ='[47]TABLEAU FINAL'!E12 -> 0 | F13: ='[47]TABLEAU FINAL'!F12 -> 0 | G13: ='[47]TABLEAU FINAL'!G12 -> 0.022814675 | H13: ='[47]TABLEAU FINAL'!H12 -> 0.022634892
D14: ='[47]TABLEAU FINAL'!D13 -> 2 | E14: ='[47]TABLEAU FINAL'!E13 -> 0 | F14: ='[47]TABLEAU FINAL'!F13 -> 0 | G14: ='[47]TABLEAU FINAL'!G13 -> 0.048879782 | H14: ='[47]TABLEAU FINAL'!H13 -> 0.048598099
D15: ='[47]TABLEAU FINAL'!D14 -> 3 et plus | E15: ='[47]TABLEAU FINAL'!E14 -> 0 | F15: ='[47]TABLEAU FINAL'!F14 -> 0 | G15: ='[47]TABLEAU FINAL'!G14 -> 0.079775715 | H15: ='[47]TABLEAU FINAL'!H14 -> 0.079511257
C16: ='[47]TABLEAU FINAL'!C15 -> Mono FP-RS | D16: ='[47]TABLEAU FINAL'!D15 -> 1 | E16: ='[47]TABLEAU FINAL'!E15 -> 0 | F16: ='[47]TABLEAU FINAL'!F15 -> 0 | G16: ='[47]TABLEAU FINAL'!G15 -> 0.020324154 | H16: ='[47]TABLEAU FINAL'!H15 -> 0.019970445
D17: ='[47]TABLEAU FINAL'!D16 -> 2 | E17: ='[47]TABLEAU FINAL'!E16 -> 0 | F17: ='[47]TABLEAU FINAL'!F16 -> 0 | G17: ='[47]TABLEAU FINAL'!G16 -> 0.039758742 | H17: ='[47]TABLEAU FINAL'!H16 -> 0.039028712
D18: ='[47]TABLEAU FINAL'!D17 -> 3 et plus | E18: ='[47]TABLEAU FINAL'!E17 -> 0 | F18: ='[47]TABLEAU FINAL'!F17 -> 0 | G18: ='[47]TABLEAU FINAL'!G17 -> 0.039543679 | H18: ='[47]TABLEAU FINAL'!H17 -> 0.034510711
C19: ='[47]TABLEAU FINAL'!C18 -> Mono MSAE-PLIB | D19: ='[47]TABLEAU FINAL'!D18 -> 1 | E19: ='[47]TABLEAU FINAL'!E18 -> 0 | F19: ='[47]TABLEAU FINAL'!F18 -> 0 | G19: ='[47]TABLEAU FINAL'!G18 -> 0.027032093 | H19: ='[47]TABLEAU FINAL'!H18 -> 0.027742496
D20: ='[47]TABLEAU FINAL'!D19 -> 2 | E20: ='[47]TABLEAU FINAL'!E19 -> 0 | F20: ='[47]TABLEAU FINAL'!F19 -> 0 | G20: ='[47]TABLEAU FINAL'!G19 -> 0.058265438 | H20: ='[47]TABLEAU FINAL'!H19 -> 0.057764433
D21: ='[47]TABLEAU FINAL'!D20 -> 3 et plus | E21: ='[47]TABLEAU FINAL'!E20 -> 0 | F21: ='[47]TABLEAU FINAL'!F20 -> 0 | G21: ='[47]TABLEAU FINAL'!G20 -> 0.1097505 | H21: ='[47]TABLEAU FINAL'!H20 -> 0.10711589
C22: ='[47]TABLEAU FINAL'!C21 -> Poly Lura-FP-RS | D22: ='[47]TABLEAU FINAL'!D21 -> 1 | E22: ='[47]TABLEAU FINAL'!E21 -> 0 | F22: ='[47]TABLEAU FINAL'!F21 -> 0 | G22: ='[47]TABLEAU FINAL'!G21 -> 0.017760753 | H22: ='[47]TABLEAU FINAL'!H21 -> 0.017556985
D23: ='[47]TABLEAU FINAL'!D22 -> 2 | E23: ='[47]TABLEAU FINAL'!E22 -> 0 | F23: ='[47]TABLEAU FINAL'!F22 -> 0 | G23: ='[47]TABLEAU FINAL'!G22 -> 0.040981729 | H23: ='[47]TABLEAU FINAL'!H22 -> 0.039663736
D24: ='[47]TABLEAU FINAL'!D23 -> 3 et plus | E24: ='[47]TABLEAU FINAL'!E23 -> 0 | F24: ='[47]TABLEAU FINAL'!F23 -> 0 | G24: ='[47]TABLEAU FINAL'!G23 -> 0.051607826 | H24: ='[47]TABLEAU FINAL'!H23 -> 0.048304422
C25: ='[47]TABLEAU FINAL'!C24 -> Poly Lura-MSAE-PLIB | D25: ='[47]TABLEAU FINAL'!D24 -> 1 | E25: ='[47]TABLEAU FINAL'!E24 -> 0 | F25: ='[47]TABLEAU FINAL'!F24 -> 0 | G25: ='[47]TABLEAU FINAL'!G24 -> 0.022980923 | H25: ='[47]TABLEAU FINAL'!H24 -> 0.02224811
D26: ='[47]TABLEAU FINAL'!D25 -> 2 | E26: ='[47]TABLEAU FINAL'!E25 -> 0 | F26: ='[47]TABLEAU FINAL'!F25 -> 0 | G26: ='[47]TABLEAU FINAL'!G25 -> 0.0469844 | H26: ='[47]TABLEAU FINAL'!H25 -> 0.046094854
D27: ='[47]TABLEAU FINAL'!D26 -> 3 et plus | E27: ='[47]TABLEAU FINAL'!E26 -> 0 | F27: ='[47]TABLEAU FINAL'!F26 -> 0 | G27: ='[47]TABLEAU FINAL'!G26 -> 0.084477704 | H27: ='[47]TABLEAU FINAL'!H26 -> 0.08247299
B28: ='[47]TABLEAU FINAL'!B27 -> Selon le quintile de pension
B29: ='[47]TABLEAU FINAL'!B28 -> Femmes | C29: ='[47]TABLEAU FINAL'!C28 -> Q1 | D29: ='[47]TABLEAU FINAL'!D28 -> 1 | E29: ='[47]TABLEAU FINAL'!E28 -> 0 | F29: ='[47]TABLEAU FINAL'!F28 -> 0 | G29: ='[47]TABLEAU FINAL'!G28 -> 0.029009988 | H29: ='[47]TABLEAU FINAL'!H28 -> 0.028731955
D30: ='[47]TABLEAU FINAL'!D29 -> 2 | E30: ='[47]TABLEAU FINAL'!E29 -> 0 | F30: ='[47]TABLEAU FINAL'!F29 -> 0 | G30: ='[47]TABLEAU FINAL'!G29 -> 0.057811079 | H30: ='[47]TABLEAU FINAL'!H29 -> 0.057472992
D31: ='[47]TABLEAU FINAL'!D30 -> 3 et plus | E31: ='[47]TABLEAU FINAL'!E30 -> 0 | F31: ='[47]TABLEAU FINAL'!F30 -> 0 | G31: ='[47]TABLEAU FINAL'!G30 -> 0.089437331 | H31: ='[47]TABLEAU FINAL'!H30 -> 0.088589583
C32: ='[47]TABLEAU FINAL'!C31 -> Q2 | D32: ='[47]TABLEAU FINAL'!D31 -> 1 | E32: ='[47]TABLEAU FINAL'!E31 -> 0 | F32: ='[47]TABLEAU FINAL'!F31 -> 0 | G32: ='[47]TABLEAU FINAL'!G31 -> 0.022757271 | H32: ='[47]TABLEAU FINAL'!H31 -> 0.021864813
D33: ='[47]TABLEAU FINAL'!D32 -> 2 | E33: ='[47]TABLEAU FINAL'!E32 -> 0 | F33: ='[47]TABLEAU FINAL'!F32 -> 0 | G33: ='[47]TABLEAU FINAL'!G32 -> 0.04996914 | H33: ='[47]TABLEAU FINAL'!H32 -> 0.048303587
D34: ='[47]TABLEAU FINAL'!D33 -> 3 et plus | E34: ='[47]TABLEAU FINAL'!E33 -> 0 | F34: ='[47]TABLEAU FINAL'!F33 -> 0 | G34: ='[47]TABLEAU FINAL'!G33 -> 0.082253399 | H34: ='[47]TABLEAU FINAL'!H33 -> 0.079571993
C35: ='[47]TABLEAU FINAL'!C34 -> Q3 | D35: ='[47]TABLEAU FINAL'!D34 -> 1 | E35: ='[47]TABLEAU FINAL'!E34 -> 0 | F35: ='[47]TABLEAU FINAL'!F34 -> 0 | G35: ='[47]TABLEAU FINAL'!G34 -> 0.020901307 | H35: ='[47]TABLEAU FINAL'!H34 -> 0.02064022
D36: ='[47]TABLEAU FINAL'!D35 -> 2 | E36: ='[47]TABLEAU FINAL'!E35 -> 0 | F36: ='[47]TABLEAU FINAL'!F35 -> 0 | G36: ='[47]TABLEAU FINAL'!G35 -> 0.046172184 | H36: ='[47]TABLEAU FINAL'!H35 -> 0.045435889
D37: ='[47]TABLEAU FINAL'!D36 -> 3 et plus | E37: ='[47]TABLEAU FINAL'!E36 -> 0 | F37: ='[47]TABLEAU FINAL'!F36 -> 0 | G37: ='[47]TABLEAU FINAL'!G36 -> 0.071685294 | H37: ='[47]TABLEAU FINAL'!H36 -> 0.069786411
C38: ='[47]TABLEAU FINAL'!C37 -> Q4 | D38: ='[47]TABLEAU FINAL'!D37 -> 1 | E38: ='[47]TABLEAU FINAL'!E37 -> 0 | F38: ='[47]TABLEAU FINAL'!F37 -> 0 | G38: ='[47]TABLEAU FINAL'!G37 -> 0.021214081 | H38: ='[47]TABLEAU FINAL'!H37 -> 0.020968908
D39: ='[47]TABLEAU FINAL'!D38 -> 2 | E39: ='[47]TABLEAU FINAL'!E38 -> 0 | F39: ='[47]TABLEAU FINAL'!F38 -> 0 | G39: ='[47]TABLEAU FINAL'!G38 -> 0.045312723 | H39: ='[47]TABLEAU FINAL'!H38 -> 0.044743399
D40: ='[47]TABLEAU FINAL'!D39 -> 3 et plus | E40: ='[47]TABLEAU FINAL'!E39 -> 0 | F40: ='[47]TABLEAU FINAL'!F39 -> 0 | G40: ='[47]TABLEAU FINAL'!G39 -> 0.067819092 | H40: ='[47]TABLEAU FINAL'!H39 -> 0.065492227
C41: ='[47]TABLEAU FINAL'!C40 -> Q5 | D41: ='[47]TABLEAU FINAL'!D40 -> 1 | E41: ='[47]TABLEAU FINAL'!E40 -> 0 | F41: ='[47]TABLEAU FINAL'!F40 -> 0 | G41: ='[47]TABLEAU FINAL'!G40 -> 0.020763447 | H41: ='[47]TABLEAU FINAL'!H40 -> 0.02059655
D42: ='[47]TABLEAU FINAL'!D41 -> 2 | E42: ='[47]TABLEAU FINAL'!E41 -> 0 | F42: ='[47]TABLEAU FINAL'!F41 -> 0 | G42: ='[47]TABLEAU FINAL'!G41 -> 0.044709208 | H42: ='[47]TABLEAU FINAL'!H41 -> 0.044457719
D43: ='[47]TABLEAU FINAL'!D42 -> 3 et plus | E43: ='[47]TABLEAU FINAL'!E42 -> 0 | F43: ='[47]TABLEAU FINAL'!F42 -> 0 | G43: ='[47]TABLEAU FINAL'!G42 -> 0.069788658 | H43: ='[47]TABLEAU FINAL'!H42 -> 0.06904658
B45: Source : Cnav-DSPR – modèle Prisme échantillon 1/20ème

Sheet Tab C.5
A1: Tableau C.5 - Écart de masses de prestations de droit direct par régimes après mesures (en %)
A2: Retour au sommaire
D4: =[37]Ecarts_masses!D59 -> 2026 | E4: =[37]Ecarts_masses!E59 -> 2027 | F4: =[37]Ecarts_masses!F59 -> 2028 | G4: =[37]Ecarts_masses!G59 -> 2029 | H4: =[37]Ecarts_masses!H59 -> 2030 | I4: =[37]Ecarts_masses!I59 -> 2031 | J4: =[37]Ecarts_masses!J59 -> 2032 | K4: =[37]Ecarts_masses!K59 -> 2033 | ... AV4: =[37]Ecarts_masses!AV59 -> 2070
B5: Avec plafonnement des majorations de pension | C5: Ensemble | D5: =[44]Ecarts_masses_tousrégimes!D54 -> 8.8748742e-05 | E5: =[44]Ecarts_masses_tousrégimes!E54 -> 0.00019022832 | F5: =[44]Ecarts_masses_tousrégimes!F54 -> 0.00021414843 | G5: =[44]Ecarts_masses_tousrégimes!G54 -> 0.00021083566 | H5: =[44]Ecarts_masses_tousrégimes!H54 -> 0.00019015886 | I5: =[44]Ecarts_masses_tousrégimes!I54 -> 0.00017823157 | J5: =[44]Ecarts_masses_tousrégimes!J54 -> 0.00019944751 | K5: =[44]Ecarts_masses_tousrégimes!K54 -> 0.00025165488 | ... AV5: =[44]Ecarts_masses_tousrégimes!AV54 -> 0.0013649504
C6: RG et régimes alignés | D6: =[44]Ecarts_masses_tousrégimes!D55 -> 0.0002108894 | E6: =[44]Ecarts_masses_tousrégimes!E55 -> 0.00042390225 | F6: =[44]Ecarts_masses_tousrégimes!F55 -> 0.0004866248 | G6: =[44]Ecarts_masses_tousrégimes!G55 -> 0.00050669653 | H6: =[44]Ecarts_masses_tousrégimes!H55 -> 0.00049092696 | I6: =[44]Ecarts_masses_tousrégimes!I55 -> 0.00047625778 | J6: =[44]Ecarts_masses_tousrégimes!J55 -> 0.00050050014 | K6: =[44]Ecarts_masses_tousrégimes!K55 -> 0.00054295362 | ... AV6: =[44]Ecarts_masses_tousrégimes!AV55 -> -0.0042176936
C7: Agirc-Arrco | D7: =[44]Ecarts_masses_tousrégimes!D56 -> 3.6557922e-05 | E7: =[44]Ecarts_masses_tousrégimes!E56 -> 0.00010543203 | F7: =[44]Ecarts_masses_tousrégimes!F56 -> 0.00015105995 | G7: =[44]Ecarts_masses_tousrégimes!G56 -> 0.00018834667 | H7: =[44]Ecarts_masses_tousrégimes!H56 -> 0.00021009654 | I7: =[44]Ecarts_masses_tousrégimes!I56 -> 0.00022623299 | J7: =[44]Ecarts_masses_tousrégimes!J56 -> 0.00028323892 | K7: =[44]Ecarts_masses_tousrégimes!K56 -> 0.00040342478 | ... AV7: =[44]Ecarts_masses_tousrégimes!AV56 -> 0.0033669101
C8: Ircantec | D8: =[44]Ecarts_masses_tousrégimes!D57 -> 5.5250322e-05 | E8: =[44]Ecarts_masses_tousrégimes!E57 -> 9.2835063e-05 | F8: =[44]Ecarts_masses_tousrégimes!F57 -> 1.7821621e-05 | G8: =[44]Ecarts_masses_tousrégimes!G57 -> -0.00012264719 | H8: =[44]Ecarts_masses_tousrégimes!H57 -> -0.00016178208 | I8: =[44]Ecarts_masses_tousrégimes!I57 -> -0.000138496 | J8: =[44]Ecarts_masses_tousrégimes!J57 -> -0.00011413713 | K8: =[44]Ecarts_masses_tousrégimes!K57 -> -4.9701983e-05 | ... AV8: =[44]Ecarts_masses_tousrégimes!AV57 -> 0.0046557796
C9: RCI | D9: =[44]Ecarts_masses_tousrégimes!D58 -> 0.00041896682 | E9: =[44]Ecarts_masses_tousrégimes!E58 -> 0.0012415042 | F9: =[44]Ecarts_masses_tousrégimes!F58 -> 0.002148956 | G9: =[44]Ecarts_masses_tousrégimes!G58 -> 0.0030023691 | H9: =[44]Ecarts_masses_tousrégimes!H58 -> 0.0038444621 | I9: =[44]Ecarts_masses_tousrégimes!I58 -> 0.0046865685 | J9: =[44]Ecarts_masses_tousrégimes!J58 -> 0.0054852176 | K9: =[44]Ecarts_masses_tousrégimes!K58 -> 0.0063795835 | ... AV9: =[44]Ecarts_masses_tousrégimes!AV58 -> 0.015977695
C10: Fonction publique | D10: =[44]Ecarts_masses_tousrégimes!D59 -> 9.3890823e-06 | E10: =[44]Ecarts_masses_tousrégimes!E59 -> 6.7394684e-06 | F10: =[44]Ecarts_masses_tousrégimes!F59 -> -2.9015744e-05 | G10: =[44]Ecarts_masses_tousrégimes!G59 -> -6.3414288e-05 | H10: =[44]Ecarts_masses_tousrégimes!H59 -> -9.4754035e-05 | I10: =[44]Ecarts_masses_tousrégimes!I59 -> -0.0001171135 | J10: =[44]Ecarts_masses_tousrégimes!J59 -> -0.00012510788 | K10: =[44]Ecarts_masses_tousrégimes!K59 -> -0.00011881711 | ... AV10: =[44]Ecarts_masses_tousrégimes!AV59 -> 0.016875082
C11: Régimes spéciaux | D11: =[44]Ecarts_masses_tousrégimes!D60 -> -0.00044764783 | E11: =[44]Ecarts_masses_tousrégimes!E60 -> -0.00082602269 | F11: =[44]Ecarts_masses_tousrégimes!F60 -> -0.0011907938 | G11: =[44]Ecarts_masses_tousrégimes!G60 -> -0.0016789605 | H11: =[44]Ecarts_masses_tousrégimes!H60 -> -0.0022422163 | I11: =[44]Ecarts_masses_tousrégimes!I60 -> -0.0026602644 | J11: =[44]Ecarts_masses_tousrégimes!J60 -> -0.0029797853 | K11: =[44]Ecarts_masses_tousrégimes!K60 -> -0.0033151915 | ... AV11: =[44]Ecarts_masses_tousrégimes!AV60 -> -0.0073913209
C12: Professions libérales | D12: =[44]Ecarts_masses_tousrégimes!D61 -> 0.00022779662 | E12: =[44]Ecarts_masses_tousrégimes!E61 -> 0.00047822301 | F12: =[44]Ecarts_masses_tousrégimes!F61 -> 0.0006564962 | G12: =[44]Ecarts_masses_tousrégimes!G61 -> 0.00077173837 | H12: =[44]Ecarts_masses_tousrégimes!H61 -> 0.00096158616 | I12: =[44]Ecarts_masses_tousrégimes!I61 -> 0.001127026 | J12: =[44]Ecarts_masses_tousrégimes!J61 -> 0.0012425246 | K12: =[44]Ecarts_masses_tousrégimes!K61 -> 0.001468655 | ... AV12: =[44]Ecarts_masses_tousrégimes!AV61 -> 0.0090437274
C13: MSA exploitants | D13: =[44]Ecarts_masses_tousrégimes!D62 -> -4.3907889e-05 | E13: =[44]Ecarts_masses_tousrégimes!E62 -> -0.00012865667 | F13: =[44]Ecarts_masses_tousrégimes!F62 -> -0.00020034251 | G13: =[44]Ecarts_masses_tousrégimes!G62 -> -0.00032270565 | H13: =[44]Ecarts_masses_tousrégimes!H62 -> -0.00041854918 | I13: =[44]Ecarts_masses_tousrégimes!I62 -> -0.00050874437 | J13: =[44]Ecarts_masses_tousrégimes!J62 -> -0.00062059527 | K13: =[44]Ecarts_masses_tousrégimes!K62 -> -0.00070926911 | ... AV13: =[44]Ecarts_masses_tousrégimes!AV62 -> -0.0011967953
B14: Sans plafonnement des majorations de pension | C14: Ensemble | D14: =[46]Ecarts_masses_tousrégimes!D54 -> 0.00030578163 | E14: =[46]Ecarts_masses_tousrégimes!E54 -> 0.00071927605 | F14: =[46]Ecarts_masses_tousrégimes!F54 -> 0.0010563808 | G14: =[46]Ecarts_masses_tousrégimes!G54 -> 0.0013416942 | H14: =[46]Ecarts_masses_tousrégimes!H54 -> 0.0015897076 | I14: =[46]Ecarts_masses_tousrégimes!I54 -> 0.0018364032 | J14: =[46]Ecarts_masses_tousrégimes!J54 -> 0.0020886968 | K14: =[46]Ecarts_masses_tousrégimes!K54 -> 0.002406741 | ... AV14: =[46]Ecarts_masses_tousrégimes!AV54 -> 0.0058685387
C15: RG et régimes alignés | D15: =[46]Ecarts_masses_tousrégimes!D55 -> 0.00038311643 | E15: =[46]Ecarts_masses_tousrégimes!E55 -> 0.00088074785 | F15: =[46]Ecarts_masses_tousrégimes!F55 -> 0.0012431465 | G15: =[46]Ecarts_masses_tousrégimes!G55 -> 0.00153958 | H15: =[46]Ecarts_masses_tousrégimes!H55 -> 0.0017852816 | I15: =[46]Ecarts_masses_tousrégimes!I55 -> 0.0020191687 | J15: =[46]Ecarts_masses_tousrégimes!J55 -> 0.0022601082 | K15: =[46]Ecarts_masses_tousrégimes!K55 -> 0.0025554731 | ... AV15: =[46]Ecarts_masses_tousrégimes!AV55 -> -0.00045508503
C16: Agirc-Arrco | D16: =[46]Ecarts_masses_tousrégimes!D56 -> 0.00023211314 | E16: =[46]Ecarts_masses_tousrégimes!E56 -> 0.00061931666 | F16: =[46]Ecarts_masses_tousrégimes!F56 -> 0.00099674774 | G16: =[46]Ecarts_masses_tousrégimes!G56 -> 0.0013434882 | H16: =[46]Ecarts_masses_tousrégimes!H56 -> 0.001657966 | I16: =[46]Ecarts_masses_tousrégimes!I56 -> 0.0019464804 | J16: =[46]Ecarts_masses_tousrégimes!J56 -> 0.0022363172 | K16: =[46]Ecarts_masses_tousrégimes!K56 -> 0.002645872 | ... AV16: =[46]Ecarts_masses_tousrégimes!AV56 -> 0.007702858
C17: Ircantec | D17: =[46]Ecarts_masses_tousrégimes!D57 -> 0.00036061525 | E17: =[46]Ecarts_masses_tousrégimes!E57 -> 0.00083533808 | F17: =[46]Ecarts_masses_tousrégimes!F57 -> 0.0013508146 | G17: =[46]Ecarts_masses_tousrégimes!G57 -> 0.0017885188 | H17: =[46]Ecarts_masses_tousrégimes!H57 -> 0.0022983884 | I17: =[46]Ecarts_masses_tousrégimes!I57 -> 0.0028020024 | J17: =[46]Ecarts_masses_tousrégimes!J57 -> 0.003255255 | K17: =[46]Ecarts_masses_tousrégimes!K57 -> 0.0037240988 | ... AV17: =[46]Ecarts_masses_tousrégimes!AV57 -> 0.011452231
C18: RCI | D18: =[46]Ecarts_masses_tousrégimes!D58 -> 0.00046856812 | E18: =[46]Ecarts_masses_tousrégimes!E58 -> 0.0014088889 | F18: =[46]Ecarts_masses_tousrégimes!F58 -> 0.00248617 | G18: =[46]Ecarts_masses_tousrégimes!G58 -> 0.0034854466 | H18: =[46]Ecarts_masses_tousrégimes!H58 -> 0.0045078488 | I18: =[46]Ecarts_masses_tousrégimes!I58 -> 0.0055076076 | J18: =[46]Ecarts_masses_tousrégimes!J58 -> 0.0064347907 | K18: =[46]Ecarts_masses_tousrégimes!K58 -> 0.0074750368 | ... AV18: =[46]Ecarts_masses_tousrégimes!AV58 -> 0.018507676
C19: Fonction publique | D19: =[46]Ecarts_masses_tousrégimes!D59 -> 0.0003001136 | E19: =[46]Ecarts_masses_tousrégimes!E59 -> 0.00065801822 | F19: =[46]Ecarts_masses_tousrégimes!F59 -> 0.00095072402 | G19: =[46]Ecarts_masses_tousrégimes!G59 -> 0.0012081363 | H19: =[46]Ecarts_masses_tousrégimes!H59 -> 0.001426144 | I19: =[46]Ecarts_masses_tousrégimes!I59 -> 0.0016730831 | J19: =[46]Ecarts_masses_tousrégimes!J59 -> 0.0019219792 | K19: =[46]Ecarts_masses_tousrégimes!K59 -> 0.0021987557 | ... AV19: =[46]Ecarts_masses_tousrégimes!AV59 -> 0.024033953
C20: Régimes spéciaux | D20: =[46]Ecarts_masses_tousrégimes!D60 -> -0.00013703669 | E20: =[46]Ecarts_masses_tousrégimes!E60 -> -0.00036626039 | F20: =[46]Ecarts_masses_tousrégimes!F60 -> -0.00059054283 | G20: =[46]Ecarts_masses_tousrégimes!G60 -> -0.00091074725 | H20: =[46]Ecarts_masses_tousrégimes!H60 -> -0.0012865979 | I20: =[46]Ecarts_masses_tousrégimes!I60 -> -0.0015530743 | J20: =[46]Ecarts_masses_tousrégimes!J60 -> -0.0017265079 | K20: =[46]Ecarts_masses_tousrégimes!K60 -> -0.0018908065 | ... AV20: =[46]Ecarts_masses_tousrégimes!AV60 -> -0.0038043666
C21: Professions libérales | D21: =[46]Ecarts_masses_tousrégimes!D61 -> 0.00077979856 | E21: =[46]Ecarts_masses_tousrégimes!E61 -> 0.0018756932 | F21: =[46]Ecarts_masses_tousrégimes!F61 -> 0.0027138691 | G21: =[46]Ecarts_masses_tousrégimes!G61 -> 0.0033973936 | H21: =[46]Ecarts_masses_tousrégimes!H61 -> 0.0041557101 | I21: =[46]Ecarts_masses_tousrégimes!I61 -> 0.0047833995 | J21: =[46]Ecarts_masses_tousrégimes!J61 -> 0.005339829 | K21: =[46]Ecarts_masses_tousrégimes!K61 -> 0.0060667841 | ... AV21: =[46]Ecarts_masses_tousrégimes!AV61 -> 0.016273055
C22: MSA exploitants | D22: =[46]Ecarts_masses_tousrégimes!D62 -> -2.4560935e-05 | E22: =[46]Ecarts_masses_tousrégimes!E62 -> -6.4351205e-05 | F22: =[46]Ecarts_masses_tousrégimes!F62 -> -7.5035232e-05 | G22: =[46]Ecarts_masses_tousrégimes!G62 -> -0.00013846377 | H22: =[46]Ecarts_masses_tousrégimes!H62 -> -0.00019558526 | I22: =[46]Ecarts_masses_tousrégimes!I62 -> -0.0002582772 | J22: =[46]Ecarts_masses_tousrégimes!J62 -> -0.0003390181 | K22: =[46]Ecarts_masses_tousrégimes!K62 -> -0.00038857367 | ... AV22: =[46]Ecarts_masses_tousrégimes!AV62 -> -0.00050575449
B24: Source : Cnav-DSPR – modèle Prisme échantillon 1/20ème

Sheet Fig C.1
A1: Figure C.1 - Écart après mesure de maintien de niveau de vie des masses de prestations de droit dérivé selon le régime (en %)
A2: Retour au sommaire
C4: ='[43]Masses prestations'!D3 -> 2026 | D4: ='[43]Masses prestations'!E3 -> 2027 | E4: ='[43]Masses prestations'!F3 -> 2028 | F4: ='[43]Masses prestations'!G3 -> 2029 | G4: ='[43]Masses prestations'!H3 -> 2030 | H4: ='[43]Masses prestations'!I3 -> 2031 | I4: ='[43]Masses prestations'!J3 -> 2032 | J4: ='[43]Masses prestations'!K3 -> 2033 | ... AU4: ='[43]Masses prestations'!AV3 -> 2070
B5: ='[43]Masses prestations'!C19 -> Ensemble | C5: =[48]Masses_EC1!E$14 -> 0.021253013 | D5: =[48]Masses_EC1!F$14 -> 0.015818798 | E5: =[48]Masses_EC1!G$14 -> 0.0094699721 | F5: =[48]Masses_EC1!H$14 -> 0.0026476177 | G5: =[48]Masses_EC1!I$14 -> -0.0026673122 | H5: =[48]Masses_EC1!J$14 -> -0.0090474657 | I5: =[48]Masses_EC1!K$14 -> -0.013894951 | J5: =[48]Masses_EC1!L$14 -> -0.020178472 | ... AU5: =[48]Masses_EC1!AW$14 -> -0.12874111
B6: ='[43]Masses prestations'!C20 -> Agirc-Arrco | C6: =[48]Masses_EC1!E$17 -> -0.017043157 | D6: =[48]Masses_EC1!F$17 -> -0.032283199 | E6: =[48]Masses_EC1!G$17 -> -0.0490779 | F6: =[48]Masses_EC1!H$17 -> -0.063841733 | G6: =[48]Masses_EC1!I$17 -> -0.080334764 | H6: =[48]Masses_EC1!J$17 -> -0.096693971 | I6: =[48]Masses_EC1!K$17 -> -0.11000475 | J6: =[48]Masses_EC1!L$17 -> -0.12474977 | ... AU6: =[48]Masses_EC1!AW$17 -> -0.30124065
B7: ='[43]Masses prestations'!C21 -> Fonction publique | C7: =[48]Masses_EC1!E$16 -> -0.013801834 | D7: =[48]Masses_EC1!F$16 -> -0.025950613 | E7: =[48]Masses_EC1!G$16 -> -0.038946946 | F7: =[48]Masses_EC1!H$16 -> -0.05247138 | G7: =[48]Masses_EC1!I$16 -> -0.063995096 | H7: =[48]Masses_EC1!J$16 -> -0.073847144 | I7: =[48]Masses_EC1!K$16 -> -0.081684768 | J7: =[48]Masses_EC1!L$16 -> -0.092445971 | ... AU7: =[48]Masses_EC1!AW$16 -> -0.25794605
B8: ='[43]Masses prestations'!C22 -> Indépendants | C8: =[48]Masses_EC1!E$18 -> 0.022054165 | D8: =[48]Masses_EC1!F$18 -> 0.014435342 | E8: =[48]Masses_EC1!G$18 -> 0.007086499 | F8: =[48]Masses_EC1!H$18 -> -0.000120765 | G8: =[48]Masses_EC1!I$18 -> -0.0033451635 | H8: =[48]Masses_EC1!J$18 -> -0.0095070012 | I8: =[48]Masses_EC1!K$18 -> -0.013333414 | J8: =[48]Masses_EC1!L$18 -> -0.018536317 | ... AU8: =[48]Masses_EC1!AW$18 -> -0.14833793
B9: ='[43]Masses prestations'!C23 -> Régime général | C9: =[48]Masses_EC1!E$15 -> 0.089657279 | D9: =[48]Masses_EC1!F$15 -> 0.10055708 | E9: =[48]Masses_EC1!G$15 -> 0.1111225 | F9: =[48]Masses_EC1!H$15 -> 0.11860705 | G9: =[48]Masses_EC1!I$15 -> 0.13020053 | H9: =[48]Masses_EC1!J$15 -> 0.13788684 | I9: =[48]Masses_EC1!K$15 -> 0.14396101 | J9: =[48]Masses_EC1!L$15 -> 0.14952589 | ... AU9: =[48]Masses_EC1!AW$15 -> 0.062522064
B11: Source : Insee, Destinie.

Sheet Fig C.2
A1: Figure C.2 - Écarts de masses de prestations de réversion et de bénéficiaires de réversion après mesure de la double proratisation de pension de réversion (en %)
A2: Retour au sommaire
C4: 2026 | D4: 2027 | E4: 2028 | F4: 2029 | G4: 2030 | H4: 2031 | I4: 2032 | J4: 2033 | K4: 2034 | L4: 2035 | M4: 2036 | N4: 2037 | O4: 2038 | P4: 2039 | Q4: 2040 | R4: 2041 | S4: 2042 | T4: 2043 | U4: 2044 | V4: 2045 | W4: 2046 | X4: 2047 | Y4: 2048 | Z4: 2049 | AA4: 2050 | AB4: 2051 | AC4: 2052 | AD4: 2053 | AE4: 2054 | AF4: 2055 | AG4: 2056 | AH4: 2057 | AI4: 2058 | AJ4: 2059 | AK4: 2060 | AL4: 2061 | AM4: 2062 | AN4: 2063 | AO4: 2064 | AP4: 2065 | AQ4: 2066 | AR4: 2067 | AS4: 2068 | AT4: 2069 | AU4: 2070
B5: Masses de prestations | C5: ='[49]Masses prestations'!D$19 -> -0.042801162 | D5: ='[49]Masses prestations'!E$19 -> -0.045636859 | E5: ='[49]Masses prestations'!F$19 -> -0.04869539 | F5: ='[49]Masses prestations'!G$19 -> -0.052599867 | G5: ='[49]Masses prestations'!H$19 -> -0.055355912 | H5: ='[49]Masses prestations'!I$19 -> -0.057589211 | I5: ='[49]Masses prestations'!J$19 -> -0.060880009 | J5: ='[49]Masses prestations'!K$19 -> -0.06272385 | ... AU5: ='[49]Masses prestations'!AV$19 -> -0.064369192
B6: Effectifs de bénéficiaires | C6: =[49]Effectifs_année!D$19 -> 0.005243195 | D6: =[49]Effectifs_année!E$19 -> 0.006612948 | E6: =[49]Effectifs_année!F$19 -> 0.0086506144 | F6: =[49]Effectifs_année!G$19 -> 0.0094313758 | G6: =[49]Effectifs_année!H$19 -> 0.010780204 | H6: =[49]Effectifs_année!I$19 -> 0.012170167 | I6: =[49]Effectifs_année!J$19 -> 0.013570777 | J6: =[49]Effectifs_année!K$19 -> 0.015014375 | ... AU6: =[49]Effectifs_année!AV$19 -> 0.030803461
B8: Source : Insee, Destinie.
D10: Ecarts de masses de prestations de réversion après mesure | J10: Ecarts de bénéficiaires de réversion après mesure

Sheet Fig C.3
A1: Figure C.3 - Écart de masses de prestations de droit dérivé selon le régime après mesure de double proratisation de la pension de réversion (en %)
A2: Retour au sommaire
C4: ='[43]Masses prestations'!D3 -> 2026 | D4: ='[43]Masses prestations'!E3 -> 2027 | E4: ='[43]Masses prestations'!F3 -> 2028 | F4: ='[43]Masses prestations'!G3 -> 2029 | G4: ='[43]Masses prestations'!H3 -> 2030 | H4: ='[43]Masses prestations'!I3 -> 2031 | I4: ='[43]Masses prestations'!J3 -> 2032 | J4: ='[43]Masses prestations'!K3 -> 2033 | ... AU4: ='[43]Masses prestations'!AV3 -> 2070
B5: ='[43]Masses prestations'!C19 -> Ensemble | C5: ='[49]Masses prestations'!D$19 -> -0.042801162 | D5: ='[49]Masses prestations'!E$19 -> -0.045636859 | E5: ='[49]Masses prestations'!F$19 -> -0.04869539 | F5: ='[49]Masses prestations'!G$19 -> -0.052599867 | G5: ='[49]Masses prestations'!H$19 -> -0.055355912 | H5: ='[49]Masses prestations'!I$19 -> -0.057589211 | I5: ='[49]Masses prestations'!J$19 -> -0.060880009 | J5: ='[49]Masses prestations'!K$19 -> -0.06272385 | ... AU5: ='[49]Masses prestations'!AV$19 -> -0.064369192
B6: ='[43]Masses prestations'!C20 -> Agirc-Arrco | C6: ='[49]Masses prestations'!D$20 -> -0.049272095 | D6: ='[49]Masses prestations'!E$20 -> -0.051710591 | E6: ='[49]Masses prestations'!F$20 -> -0.054243977 | F6: ='[49]Masses prestations'!G$20 -> -0.056613986 | G6: ='[49]Masses prestations'!H$20 -> -0.059509551 | H6: ='[49]Masses prestations'!I$20 -> -0.061405415 | I6: ='[49]Masses prestations'!J$20 -> -0.063800328 | J6: ='[49]Masses prestations'!K$20 -> -0.064096473 | ... AU6: ='[49]Masses prestations'!AV$20 -> -0.025578624
B7: ='[43]Masses prestations'!C21 -> Fonction publique | C7: ='[49]Masses prestations'!D$21 -> -0.038022343 | D7: ='[49]Masses prestations'!E$21 -> -0.040722175 | E7: ='[49]Masses prestations'!F$21 -> -0.043046357 | F7: ='[49]Masses prestations'!G$21 -> -0.046407019 | G7: ='[49]Masses prestations'!H$21 -> -0.048294048 | H7: ='[49]Masses prestations'!I$21 -> -0.051019686 | I7: ='[49]Masses prestations'!J$21 -> -0.054598921 | J7: ='[49]Masses prestations'!K$21 -> -0.056795916 | ... AU7: ='[49]Masses prestations'!AV$21 -> -0.054664499
B8: ='[43]Masses prestations'!C22 -> Indépendants | C8: ='[49]Masses prestations'!D$22 -> -0.028311244 | D8: ='[49]Masses prestations'!E$22 -> -0.031517855 | E8: ='[49]Masses prestations'!F$22 -> -0.034379468 | F8: ='[49]Masses prestations'!G$22 -> -0.039421086 | G8: ='[49]Masses prestations'!H$22 -> -0.043679659 | H8: ='[49]Masses prestations'!I$22 -> -0.046509349 | I8: ='[49]Masses prestations'!J$22 -> -0.04841923 | J8: ='[49]Masses prestations'!K$22 -> -0.052038133 | ... AU8: ='[49]Masses prestations'!AV$22 -> -0.090148267
B9: ='[43]Masses prestations'!C23 -> Régime général | C9: ='[49]Masses prestations'!D$23 -> -0.043570685 | D9: ='[49]Masses prestations'!E$23 -> -0.046847027 | E9: ='[49]Masses prestations'!F$23 -> -0.050995738 | F9: ='[49]Masses prestations'!G$23 -> -0.056627044 | G9: ='[49]Masses prestations'!H$23 -> -0.059585757 | H9: ='[49]Masses prestations'!I$23 -> -0.061647132 | I9: ='[49]Masses prestations'!J$23 -> -0.065820089 | J9: ='[49]Masses prestations'!K$23 -> -0.068544143 | ... AU9: ='[49]Masses prestations'!AV$23 -> -0.095099689
B11: Source : Insee, Destinie.

Sheet Fig C.4
A1: Figure C.4 - Impact de la double proratisation de la réversion sur la pension sur cycle de vie des assurés de la génération 2000
A2: Retour au sommaire
C4: -100 % | D4: Entre -100 % et -20 % | E4: Entre - 20 % et - 1 % | F4: Entre - 1 % et + 1% | G4: Entre + 1 % et + 20 % | H4: Plus de 20 %
B5: Monopensionnés FP | C5: =SUMIFS([49]EC2_génération!$O:$O,[49]EC2_génération!$A:$A,"2000",[49]EC2_génération!$B:$B,"Ensemble",[49]EC2_génération!$C:$C,"Ensemble",[49]EC2_génération!$D:$D,"Mono-pensionné FP")/100 -> 0 | D5: =SUMIFS([49]EC2_génération!$P:$P,[49]EC2_génération!$A:$A,"2000",[49]EC2_génération!$B:$B,"Ensemble",[49]EC2_génération!$C:$C,"Ensemble",[49]EC2_génération!$D:$D,"Mono-pensionné FP")/100 -> 0.17777778 | E5: =SUMIFS([49]EC2_génération!$Q:$Q,[49]EC2_génération!$A:$A,"2000",[49]EC2_génération!$B:$B,"Ensemble",[49]EC2_génération!$C:$C,"Ensemble",[49]EC2_génération!$D:$D,"Mono-pensionné FP")/100 -> 0.066666667 | F5: =SUMIFS([49]EC2_génération!$R:$R,[49]EC2_génération!$A:$A,"2000",[49]EC2_génération!$B:$B,"Ensemble",[49]EC2_génération!$C:$C,"Ensemble",[49]EC2_génération!$D:$D,"Mono-pensionné FP")/100 -> 0.71111111 | G5: =SUMIFS([49]EC2_génération!$S:$S,[49]EC2_génération!$A:$A,"2000",[49]EC2_génération!$B:$B,"Ensemble",[49]EC2_génération!$C:$C,"Ensemble",[49]EC2_génération!$D:$D,"Mono-pensionné FP")/100 -> 0 | H5: =SUMIFS([49]EC2_génération!$T:$T,[49]EC2_génération!$A:$A,"2000",[49]EC2_génération!$B:$B,"Ensemble",[49]EC2_génération!$C:$C,"Ensemble",[49]EC2_génération!$D:$D,"Mono-pensionné FP")/100 -> 0.044444444
B6: Monopensionnés RG+régimes alignés | C6: =SUMIFS([49]EC2_génération!$O:$O,[49]EC2_génération!$A:$A,"2000",[49]EC2_génération!$B:$B,"Ensemble",[49]EC2_génération!$C:$C,"Ensemble",[49]EC2_génération!$D:$D,"Mono-pensionné Lura")/100 -> 0 | D6: =SUMIFS([49]EC2_génération!$P:$P,[49]EC2_génération!$A:$A,"2000",[49]EC2_génération!$B:$B,"Ensemble",[49]EC2_génération!$C:$C,"Ensemble",[49]EC2_génération!$D:$D,"Mono-pensionné Lura")/100 -> 0.11819596 | E6: =SUMIFS([49]EC2_génération!$Q:$Q,[49]EC2_génération!$A:$A,"2000",[49]EC2_génération!$B:$B,"Ensemble",[49]EC2_génération!$C:$C,"Ensemble",[49]EC2_génération!$D:$D,"Mono-pensionné Lura")/100 -> 0.098755832 | F6: =SUMIFS([49]EC2_génération!$R:$R,[49]EC2_génération!$A:$A,"2000",[49]EC2_génération!$B:$B,"Ensemble",[49]EC2_génération!$C:$C,"Ensemble",[49]EC2_génération!$D:$D,"Mono-pensionné Lura")/100 -> 0.64385692 | G6: =SUMIFS([49]EC2_génération!$S:$S,[49]EC2_génération!$A:$A,"2000",[49]EC2_génération!$B:$B,"Ensemble",[49]EC2_génération!$C:$C,"Ensemble",[49]EC2_génération!$D:$D,"Mono-pensionné Lura")/100 -> 0.091757387 | H6: =SUMIFS([49]EC2_génération!$T:$T,[49]EC2_génération!$A:$A,"2000",[49]EC2_génération!$B:$B,"Ensemble",[49]EC2_génération!$C:$C,"Ensemble",[49]EC2_génération!$D:$D,"Mono-pensionné Lura")/100 -> 0.047433904
B7: Polypensionnés RG+régimes lignés/FP | C7: =SUMIFS([49]EC2_génération!$O:$O,[49]EC2_génération!$A:$A,"2000",[49]EC2_génération!$B:$B,"Ensemble",[49]EC2_génération!$C:$C,"Ensemble",[49]EC2_génération!$D:$D,"Polypensionné Lura/FP")/100 -> 0 | D7: =SUMIFS([49]EC2_génération!$P:$P,[49]EC2_génération!$A:$A,"2000",[49]EC2_génération!$B:$B,"Ensemble",[49]EC2_génération!$C:$C,"Ensemble",[49]EC2_génération!$D:$D,"Polypensionné Lura/FP")/100 -> 0.084210526 | E7: =SUMIFS([49]EC2_génération!$Q:$Q,[49]EC2_génération!$A:$A,"2000",[49]EC2_génération!$B:$B,"Ensemble",[49]EC2_génération!$C:$C,"Ensemble",[49]EC2_génération!$D:$D,"Polypensionné Lura/FP")/100 -> 0.10877193 | F7: =SUMIFS([49]EC2_génération!$R:$R,[49]EC2_génération!$A:$A,"2000",[49]EC2_génération!$B:$B,"Ensemble",[49]EC2_génération!$C:$C,"Ensemble",[49]EC2_génération!$D:$D,"Polypensionné Lura/FP")/100 -> 0.66315789 | G7: =SUMIFS([49]EC2_génération!$S:$S,[49]EC2_génération!$A:$A,"2000",[49]EC2_génération!$B:$B,"Ensemble",[49]EC2_génération!$C:$C,"Ensemble",[49]EC2_génération!$D:$D,"Polypensionné Lura/FP")/100 -> 0.09122807 | H7: =SUMIFS([49]EC2_génération!$T:$T,[49]EC2_génération!$A:$A,"2000",[49]EC2_génération!$B:$B,"Ensemble",[49]EC2_génération!$C:$C,"Ensemble",[49]EC2_génération!$D:$D,"Polypensionné Lura/FP")/100 -> 0.052631579
B9: Femmes | C9: =SUMIFS([49]EC2_génération!$O:$O,[49]EC2_génération!$A:$A,"2000",[49]EC2_génération!$B:$B,"Femmes",[49]EC2_génération!$C:$C,"Ensemble",[49]EC2_génération!$D:$D,"Ensemble")/100 -> 0 | D9: =SUMIFS([49]EC2_génération!$P:$P,[49]EC2_génération!$A:$A,"2000",[49]EC2_génération!$B:$B,"Femmes",[49]EC2_génération!$C:$C,"Ensemble",[49]EC2_génération!$D:$D,"Ensemble")/100 -> 0.11143411 | E9: =SUMIFS([49]EC2_génération!$Q:$Q,[49]EC2_génération!$A:$A,"2000",[49]EC2_génération!$B:$B,"Femmes",[49]EC2_génération!$C:$C,"Ensemble",[49]EC2_génération!$D:$D,"Ensemble")/100 -> 0.098837209 | F9: =SUMIFS([49]EC2_génération!$R:$R,[49]EC2_génération!$A:$A,"2000",[49]EC2_génération!$B:$B,"Femmes",[49]EC2_génération!$C:$C,"Ensemble",[49]EC2_génération!$D:$D,"Ensemble")/100 -> 0.64825581 | G9: =SUMIFS([49]EC2_génération!$S:$S,[49]EC2_génération!$A:$A,"2000",[49]EC2_génération!$B:$B,"Femmes",[49]EC2_génération!$C:$C,"Ensemble",[49]EC2_génération!$D:$D,"Ensemble")/100 -> 0.092054264 | H9: =SUMIFS([49]EC2_génération!$T:$T,[49]EC2_génération!$A:$A,"2000",[49]EC2_génération!$B:$B,"Femmes",[49]EC2_génération!$C:$C,"Ensemble",[49]EC2_génération!$D:$D,"Ensemble")/100 -> 0.049418605
B10: Hommes | C10: =SUMIFS([49]EC2_génération!$O:$O,[49]EC2_génération!$A:$A,"2000",[49]EC2_génération!$B:$B,"Hommes",[49]EC2_génération!$C:$C,"Ensemble",[49]EC2_génération!$D:$D,"Ensemble")/100 -> 0 | D10: =SUMIFS([49]EC2_génération!$P:$P,[49]EC2_génération!$A:$A,"2000",[49]EC2_génération!$B:$B,"Hommes",[49]EC2_génération!$C:$C,"Ensemble",[49]EC2_génération!$D:$D,"Ensemble")/100 -> 0.11714771 | E10: =SUMIFS([49]EC2_génération!$Q:$Q,[49]EC2_génération!$A:$A,"2000",[49]EC2_génération!$B:$B,"Hommes",[49]EC2_génération!$C:$C,"Ensemble",[49]EC2_génération!$D:$D,"Ensemble")/100 -> 0.10016978 | F10: =SUMIFS([49]EC2_génération!$R:$R,[49]EC2_génération!$A:$A,"2000",[49]EC2_génération!$B:$B,"Hommes",[49]EC2_génération!$C:$C,"Ensemble",[49]EC2_génération!$D:$D,"Ensemble")/100 -> 0.64516129 | G10: =SUMIFS([49]EC2_génération!$S:$S,[49]EC2_génération!$A:$A,"2000",[49]EC2_génération!$B:$B,"Hommes",[49]EC2_génération!$C:$C,"Ensemble",[49]EC2_génération!$D:$D,"Ensemble")/100 -> 0.083191851 | H10: =SUMIFS([49]EC2_génération!$T:$T,[49]EC2_génération!$A:$A,"2000",[49]EC2_génération!$B:$B,"Hommes",[49]EC2_génération!$C:$C,"Ensemble",[49]EC2_génération!$D:$D,"Ensemble")/100 -> 0.054329372
B11: Ensemble | C11: =SUMIFS([49]EC2_génération!$O:$O,[49]EC2_génération!$A:$A,"2000",[49]EC2_génération!$B:$B,"Ensemble",[49]EC2_génération!$C:$C,"Ensemble",[49]EC2_génération!$D:$D,"Ensemble")/100 -> 0 | D11: =SUMIFS([49]EC2_génération!$P:$P,[49]EC2_génération!$A:$A,"2000",[49]EC2_génération!$B:$B,"Ensemble",[49]EC2_génération!$C:$C,"Ensemble",[49]EC2_génération!$D:$D,"Ensemble")/100 -> 0.11351018 | E11: =SUMIFS([49]EC2_génération!$Q:$Q,[49]EC2_génération!$A:$A,"2000",[49]EC2_génération!$B:$B,"Ensemble",[49]EC2_génération!$C:$C,"Ensemble",[49]EC2_génération!$D:$D,"Ensemble")/100 -> 0.099321407 | F11: =SUMIFS([49]EC2_génération!$R:$R,[49]EC2_génération!$A:$A,"2000",[49]EC2_génération!$B:$B,"Ensemble",[49]EC2_génération!$C:$C,"Ensemble",[49]EC2_génération!$D:$D,"Ensemble")/100 -> 0.6471314 | G11: =SUMIFS([49]EC2_génération!$S:$S,[49]EC2_génération!$A:$A,"2000",[49]EC2_génération!$B:$B,"Ensemble",[49]EC2_génération!$C:$C,"Ensemble",[49]EC2_génération!$D:$D,"Ensemble")/100 -> 0.088834053 | H11: =SUMIFS([49]EC2_génération!$T:$T,[49]EC2_génération!$A:$A,"2000",[49]EC2_génération!$B:$B,"Ensemble",[49]EC2_génération!$C:$C,"Ensemble",[49]EC2_génération!$D:$D,"Ensemble")/100 -> 0.051202961
B13: Source : Insee, Destinie.

Sheet Tab D.1
A1: Tableau D.1 - Principaux résultats de la simulation de bascule des droits conjugaux vers les droits familiaux - droits directs génération 2000 (avec plafonnement)
A2: Retour au sommaire
D4: ='[50]TABLEAU FINAL'!D3 -> Nombre d'enfants | E4: ='[50]TABLEAU FINAL'!E3 -> Durée validée totale moyenne (écart en trimestres) | F4: ='[50]TABLEAU FINAL'!F3 -> Âge de départ (écart en année) | G4: ='[50]TABLEAU FINAL'!G3 -> Pension moyenne 68 ans | H4: ='[50]TABLEAU FINAL'!H3 -> Pension moyenne CV
B5: ='[50]TABLEAU FINAL'!B4 -> Femmes | D5: ='[50]TABLEAU FINAL'!D4 -> Ensemble | E5: ='[50]TABLEAU FINAL'!E4 -> -3.7450308 | F5: ='[50]TABLEAU FINAL'!F4 -> 0.062350923 | G5: ='[50]TABLEAU FINAL'!G4 -> 0.054678093 | H5: ='[50]TABLEAU FINAL'!H4 -> 0.051882852
B6: ='[50]TABLEAU FINAL'!B5 -> Hommes | D6: ='[50]TABLEAU FINAL'!D5 -> Ensemble | E6: ='[50]TABLEAU FINAL'!E5 -> 0 | F6: ='[50]TABLEAU FINAL'!F5 -> 0 | G6: ='[50]TABLEAU FINAL'!G5 -> -0.022203435 | H6: ='[50]TABLEAU FINAL'!H5 -> -0.022260541
B7: ='[50]TABLEAU FINAL'!B6 -> Selon le nombre d'enfants
B8: ='[50]TABLEAU FINAL'!B7 -> Femmes | D8: ='[50]TABLEAU FINAL'!D7 -> 1 | E8: ='[50]TABLEAU FINAL'!E7 -> -1.43612 | F8: ='[50]TABLEAU FINAL'!F7 -> 0.034424734 | G8: ='[50]TABLEAU FINAL'!G7 -> 0.047561163 | H8: ='[50]TABLEAU FINAL'!H7 -> 0.045851846
D9: ='[50]TABLEAU FINAL'!D8 -> 2 | E9: ='[50]TABLEAU FINAL'!E8 -> -3.2427969 | F9: ='[50]TABLEAU FINAL'!F8 -> 0.071100482 | G9: ='[50]TABLEAU FINAL'!G8 -> 0.095992348 | H9: ='[50]TABLEAU FINAL'!H8 -> 0.093130073
D10: ='[50]TABLEAU FINAL'!D9 -> 3 et plus | E10: ='[50]TABLEAU FINAL'!E9 -> -8.4349337 | F10: ='[50]TABLEAU FINAL'!F9 -> 0.1079043 | G10: ='[50]TABLEAU FINAL'!G9 -> 0.031130205 | H10: ='[50]TABLEAU FINAL'!H9 -> 0.026302009
B11: ='[50]TABLEAU FINAL'!B10 -> Hommes | D11: ='[50]TABLEAU FINAL'!D10 -> 3 et plus | E11: ='[50]TABLEAU FINAL'!E10 -> 0 | F11: ='[50]TABLEAU FINAL'!F10 -> 0 | G11: ='[50]TABLEAU FINAL'!G10 -> -0.086884828 | H11: ='[50]TABLEAU FINAL'!H10 -> -0.087212488
B12: ='[50]TABLEAU FINAL'!B11 -> Selon le régime d'affiliation
B13: ='[50]TABLEAU FINAL'!B12 -> Femmes | C13: ='[50]TABLEAU FINAL'!C12 -> Mono Lura | D13: ='[50]TABLEAU FINAL'!D12 -> 1 | E13: ='[50]TABLEAU FINAL'!E12 -> -2.1025455 | F13: ='[50]TABLEAU FINAL'!F12 -> 0.04810101 | G13: ='[50]TABLEAU FINAL'!G12 -> 0.042454704 | H13: ='[50]TABLEAU FINAL'!H12 -> 0.039749468
D14: ='[50]TABLEAU FINAL'!D13 -> 2 | E14: ='[50]TABLEAU FINAL'!E13 -> -4.5596886 | F14: ='[50]TABLEAU FINAL'!F13 -> 0.093101211 | G14: ='[50]TABLEAU FINAL'!G13 -> 0.084613971 | H14: ='[50]TABLEAU FINAL'!H13 -> 0.080159627
D15: ='[50]TABLEAU FINAL'!D14 -> 3 et plus | E15: ='[50]TABLEAU FINAL'!E14 -> -10.386471 | F15: ='[50]TABLEAU FINAL'!F14 -> 0.12626405 | G15: ='[50]TABLEAU FINAL'!G14 -> 0.021472576 | H15: ='[50]TABLEAU FINAL'!H14 -> 0.015184466
C16: ='[50]TABLEAU FINAL'!C15 -> Mono FP-RS | D16: ='[50]TABLEAU FINAL'!D15 -> 1 | E16: ='[50]TABLEAU FINAL'!E15 -> 1.8055556 | F16: ='[50]TABLEAU FINAL'!F15 -> -0.10648148 | G16: ='[50]TABLEAU FINAL'!G15 -> 0.070745447 | H16: ='[50]TABLEAU FINAL'!H15 -> 0.075505684
D17: ='[50]TABLEAU FINAL'!D16 -> 2 | E17: ='[50]TABLEAU FINAL'!E16 -> 4.1142857 | F17: ='[50]TABLEAU FINAL'!F16 -> -0.16825397 | G17: ='[50]TABLEAU FINAL'!G16 -> 0.15565094 | H17: ='[50]TABLEAU FINAL'!H16 -> 0.16304906
D18: ='[50]TABLEAU FINAL'!D17 -> 3 et plus | E18: ='[50]TABLEAU FINAL'!E17 -> 6.7708333 | F18: ='[50]TABLEAU FINAL'!F17 -> -0.041666667 | G18: ='[50]TABLEAU FINAL'!G17 -> 0.1205526 | H18: ='[50]TABLEAU FINAL'!H17 -> 0.12901607
C19: ='[50]TABLEAU FINAL'!C18 -> Mono MSAE-PLIB | D19: ='[50]TABLEAU FINAL'!D18 -> 1 | E19: ='[50]TABLEAU FINAL'!E18 -> -2.4 | F19: ='[50]TABLEAU FINAL'!F18 -> 0 | G19: ='[50]TABLEAU FINAL'!G18 -> 0.047170597 | H19: ='[50]TABLEAU FINAL'!H18 -> 0.047939467
D20: ='[50]TABLEAU FINAL'!D19 -> 2 | E20: ='[50]TABLEAU FINAL'!E19 -> -4.4444444 | F20: ='[50]TABLEAU FINAL'!F19 -> 0.064814815 | G20: ='[50]TABLEAU FINAL'!G19 -> 0.094952933 | H20: ='[50]TABLEAU FINAL'!H19 -> 0.091195275
D21: ='[50]TABLEAU FINAL'!D20 -> 3 et plus | E21: ='[50]TABLEAU FINAL'!E20 -> -10.5 | F21: ='[50]TABLEAU FINAL'!F20 -> 0 | G21: ='[50]TABLEAU FINAL'!G20 -> 0.1312133 | H21: ='[50]TABLEAU FINAL'!H20 -> 0.13132166
C22: ='[50]TABLEAU FINAL'!C21 -> Poly Lura-FP-RS | D22: ='[50]TABLEAU FINAL'!D21 -> 1 | E22: ='[50]TABLEAU FINAL'!E21 -> 1.9365722 | F22: ='[50]TABLEAU FINAL'!F21 -> -0.030251912 | G22: ='[50]TABLEAU FINAL'!G21 -> 0.069835621 | H22: ='[50]TABLEAU FINAL'!H21 -> 0.071493182
D23: ='[50]TABLEAU FINAL'!D22 -> 2 | E23: ='[50]TABLEAU FINAL'!E22 -> 3.8727114 | F23: ='[50]TABLEAU FINAL'!F22 -> -0.039087475 | G23: ='[50]TABLEAU FINAL'!G22 -> 0.14798234 | H23: ='[50]TABLEAU FINAL'!H22 -> 0.15110458
D24: ='[50]TABLEAU FINAL'!D23 -> 3 et plus | E24: ='[50]TABLEAU FINAL'!E23 -> 5.8869144 | F24: ='[50]TABLEAU FINAL'!F23 -> -0.017366721 | G24: ='[50]TABLEAU FINAL'!G23 -> 0.080000516 | H24: ='[50]TABLEAU FINAL'!H23 -> 0.082176335
C25: ='[50]TABLEAU FINAL'!C24 -> Poly Lura-MSAE-PLIB | D25: ='[50]TABLEAU FINAL'!D24 -> 1 | E25: ='[50]TABLEAU FINAL'!E24 -> -2.4200743 | F25: ='[50]TABLEAU FINAL'!F24 -> 0.059789343 | G25: ='[50]TABLEAU FINAL'!G24 -> 0.037039075 | H25: ='[50]TABLEAU FINAL'!H24 -> 0.03380008
D26: ='[50]TABLEAU FINAL'!D25 -> 2 | E26: ='[50]TABLEAU FINAL'!E25 -> -5.0225734 | F26: ='[50]TABLEAU FINAL'!F25 -> 0.1158766 | G26: ='[50]TABLEAU FINAL'!G25 -> 0.076011052 | H26: ='[50]TABLEAU FINAL'!H25 -> 0.070426276
D27: ='[50]TABLEAU FINAL'!D26 -> 3 et plus | E27: ='[50]TABLEAU FINAL'!E26 -> -9.5531915 | F27: ='[50]TABLEAU FINAL'!F26 -> 0.12204492 | G27: ='[50]TABLEAU FINAL'!G26 -> 0.0096377105 | H27: ='[50]TABLEAU FINAL'!H26 -> 0.0011514901
B28: ='[50]TABLEAU FINAL'!B27 -> Selon le quintile de pension
B29: ='[50]TABLEAU FINAL'!B28 -> Femmes | C29: ='[50]TABLEAU FINAL'!C28 -> Q1 | D29: ='[50]TABLEAU FINAL'!D28 -> 1 | E29: ='[50]TABLEAU FINAL'!E28 -> -1.6284545 | F29: ='[50]TABLEAU FINAL'!F28 -> 0.0057147731 | G29: ='[50]TABLEAU FINAL'!G28 -> 0.046913746 | H29: ='[50]TABLEAU FINAL'!H28 -> 0.047620288
D30: ='[50]TABLEAU FINAL'!D29 -> 2 | E30: ='[50]TABLEAU FINAL'!E29 -> -3.483376 | F30: ='[50]TABLEAU FINAL'!F29 -> 0.013800085 | G30: ='[50]TABLEAU FINAL'!G29 -> 0.094793374 | H30: ='[50]TABLEAU FINAL'!H29 -> 0.094145903
D31: ='[50]TABLEAU FINAL'!D30 -> 3 et plus | E31: ='[50]TABLEAU FINAL'!E30 -> -13.909502 | F31: ='[50]TABLEAU FINAL'!F30 -> 0.013843999 | G31: ='[50]TABLEAU FINAL'!G30 -> -0.045400172 | H31: ='[50]TABLEAU FINAL'!H30 -> -0.047375449
C32: ='[50]TABLEAU FINAL'!C31 -> Q2 | D32: ='[50]TABLEAU FINAL'!D31 -> 1 | E32: ='[50]TABLEAU FINAL'!E31 -> -1.5421546 | F32: ='[50]TABLEAU FINAL'!F31 -> 0.06147541 | G32: ='[50]TABLEAU FINAL'!G31 -> 0.051217036 | H32: ='[50]TABLEAU FINAL'!H31 -> 0.047730814
D33: ='[50]TABLEAU FINAL'!D32 -> 2 | E33: ='[50]TABLEAU FINAL'!E32 -> -3.7168611 | F33: ='[50]TABLEAU FINAL'!F32 -> 0.12283492 | G33: ='[50]TABLEAU FINAL'!G32 -> 0.10139651 | H33: ='[50]TABLEAU FINAL'!H32 -> 0.096001894
D34: ='[50]TABLEAU FINAL'!D33 -> 3 et plus | E34: ='[50]TABLEAU FINAL'!E33 -> -8.8325723 | F34: ='[50]TABLEAU FINAL'!F33 -> 0.21175799 | G34: ='[50]TABLEAU FINAL'!G33 -> 0.079075181 | H34: ='[50]TABLEAU FINAL'!H33 -> 0.068439663
C35: ='[50]TABLEAU FINAL'!C34 -> Q3 | D35: ='[50]TABLEAU FINAL'!D34 -> 1 | E35: ='[50]TABLEAU FINAL'!E34 -> -1.152439 | F35: ='[50]TABLEAU FINAL'!F34 -> 0.035823171 | G35: ='[50]TABLEAU FINAL'!G34 -> 0.049584169 | H35: ='[50]TABLEAU FINAL'!H34 -> 0.04842786
D36: ='[50]TABLEAU FINAL'!D35 -> 2 | E36: ='[50]TABLEAU FINAL'!E35 -> -2.62 | F36: ='[50]TABLEAU FINAL'!F35 -> 0.074027778 | G36: ='[50]TABLEAU FINAL'!G35 -> 0.10113601 | H36: ='[50]TABLEAU FINAL'!H35 -> 0.098061753
D37: ='[50]TABLEAU FINAL'!D36 -> 3 et plus | E37: ='[50]TABLEAU FINAL'!E36 -> -6.9434524 | F37: ='[50]TABLEAU FINAL'!F36 -> 0.10757688 | G37: ='[50]TABLEAU FINAL'!G36 -> 0.06372709 | H37: ='[50]TABLEAU FINAL'!H36 -> 0.058670728
C38: ='[50]TABLEAU FINAL'!C37 -> Q4 | D38: ='[50]TABLEAU FINAL'!D37 -> 1 | E38: ='[50]TABLEAU FINAL'!E37 -> -1.1730449 | F38: ='[50]TABLEAU FINAL'!F37 -> 0.031960621 | G38: ='[50]TABLEAU FINAL'!G37 -> 0.048724962 | H38: ='[50]TABLEAU FINAL'!H37 -> 0.047341701
D39: ='[50]TABLEAU FINAL'!D38 -> 2 | E39: ='[50]TABLEAU FINAL'!E38 -> -2.7343216 | F39: ='[50]TABLEAU FINAL'!F38 -> 0.059007982 | G39: ='[50]TABLEAU FINAL'!G38 -> 0.10523509 | H39: ='[50]TABLEAU FINAL'!H38 -> 0.10343451
D40: ='[50]TABLEAU FINAL'!D39 -> 3 et plus | E40: ='[50]TABLEAU FINAL'!E39 -> -4.9694519 | F40: ='[50]TABLEAU FINAL'!F39 -> 0.10467206 | G40: ='[50]TABLEAU FINAL'!G39 -> 0.038368314 | H40: ='[50]TABLEAU FINAL'!H39 -> 0.034706869
C41: ='[50]TABLEAU FINAL'!C40 -> Q5 | D41: ='[50]TABLEAU FINAL'!D40 -> 1 | E41: ='[50]TABLEAU FINAL'!E40 -> -1.6833073 | F41: ='[50]TABLEAU FINAL'!F40 -> 0.039521581 | G41: ='[50]TABLEAU FINAL'!G40 -> 0.045158046 | H41: ='[50]TABLEAU FINAL'!H40 -> 0.043225454
D42: ='[50]TABLEAU FINAL'!D41 -> 2 | E42: ='[50]TABLEAU FINAL'!E41 -> -3.660664 | F42: ='[50]TABLEAU FINAL'!F41 -> 0.075595573 | G42: ='[50]TABLEAU FINAL'!G41 -> 0.085329662 | H42: ='[50]TABLEAU FINAL'!H41 -> 0.082566093
D43: ='[50]TABLEAU FINAL'!D42 -> 3 et plus | E43: ='[50]TABLEAU FINAL'!E42 -> -5.3481262 | F43: ='[50]TABLEAU FINAL'!F42 -> 0.12080868 | G43: ='[50]TABLEAU FINAL'!G42 -> -0.00139213 | H43: ='[50]TABLEAU FINAL'!H42 -> -0.005890563
B45: Source : Cnav-DSPR – modèle Prisme échantillon 1/20ème
B46: Note : Quintiles de pension calculés sur les droits directs, par sexe, avant réforme

Sheet Tab D.2
A1: Tableau D.2 - Principaux résultats de la simulation de bascule des droits conjugaux vers les droits familiaux - droits directs génération 1966 (avec plafonnement)
A2: Retour au sommaire
D4: ='[51]TABLEAU FINAL'!D3 -> Nombre d'enfants | E4: ='[51]TABLEAU FINAL'!E3 -> Durée validée totale moyenne (écart en trimestres) | F4: ='[51]TABLEAU FINAL'!F3 -> Âge de départ (écart en année) | G4: ='[51]TABLEAU FINAL'!G3 -> Pension moyenne 68 ans | H4: ='[51]TABLEAU FINAL'!H3 -> Pension moyenne CV
B5: ='[51]TABLEAU FINAL'!B4 -> Femmes | D5: ='[51]TABLEAU FINAL'!D4 -> Ensemble | E5: ='[51]TABLEAU FINAL'!E4 -> 0 | F5: ='[51]TABLEAU FINAL'!F4 -> 0 | G5: ='[51]TABLEAU FINAL'!G4 -> 0.04706526 | H5: ='[51]TABLEAU FINAL'!H4 -> 0.046008387
B6: ='[51]TABLEAU FINAL'!B5 -> Hommes | D6: ='[51]TABLEAU FINAL'!D5 -> Ensemble | E6: ='[51]TABLEAU FINAL'!E5 -> 0 | F6: ='[51]TABLEAU FINAL'!F5 -> 0 | G6: ='[51]TABLEAU FINAL'!G5 -> -0.025391884 | H6: ='[51]TABLEAU FINAL'!H5 -> -0.025170596
B7: ='[51]TABLEAU FINAL'!B6 -> Selon le nombre d'enfants
B8: ='[51]TABLEAU FINAL'!B7 -> Femmes | D8: ='[51]TABLEAU FINAL'!D7 -> 1 | E8: ='[51]TABLEAU FINAL'!E7 -> 0 | F8: ='[51]TABLEAU FINAL'!F7 -> 0 | G8: ='[51]TABLEAU FINAL'!G7 -> 0.040333819 | H8: ='[51]TABLEAU FINAL'!H7 -> 0.039791479
D9: ='[51]TABLEAU FINAL'!D8 -> 2 | E9: ='[51]TABLEAU FINAL'!E8 -> 0 | F9: ='[51]TABLEAU FINAL'!F8 -> 0 | G9: ='[51]TABLEAU FINAL'!G8 -> 0.079512883 | H9: ='[51]TABLEAU FINAL'!H8 -> 0.078457841
D10: ='[51]TABLEAU FINAL'!D9 -> 3 et plus | E10: ='[51]TABLEAU FINAL'!E9 -> 0 | F10: ='[51]TABLEAU FINAL'!F9 -> 0 | G10: ='[51]TABLEAU FINAL'!G9 -> 0.027089906 | H10: ='[51]TABLEAU FINAL'!H9 -> 0.025335438
B11: ='[51]TABLEAU FINAL'!B10 -> Hommes | D11: ='[51]TABLEAU FINAL'!D10 -> 3 et plus | E11: ='[51]TABLEAU FINAL'!E10 -> 0 | F11: ='[51]TABLEAU FINAL'!F10 -> 0 | G11: ='[51]TABLEAU FINAL'!G10 -> -0.082679125 | H11: ='[51]TABLEAU FINAL'!H10 -> -0.082179703
B12: ='[51]TABLEAU FINAL'!B11 -> Selon le régime d'affiliation
B13: ='[51]TABLEAU FINAL'!B12 -> Femmes | C13: ='[51]TABLEAU FINAL'!C12 -> Mono Lura | D13: ='[51]TABLEAU FINAL'!D12 -> 1 | E13: ='[51]TABLEAU FINAL'!E12 -> 0 | F13: ='[51]TABLEAU FINAL'!F12 -> 0 | G13: ='[51]TABLEAU FINAL'!G12 -> 0.042228044 | H13: ='[51]TABLEAU FINAL'!H12 -> 0.042060828
D14: ='[51]TABLEAU FINAL'!D13 -> 2 | E14: ='[51]TABLEAU FINAL'!E13 -> 0 | F14: ='[51]TABLEAU FINAL'!F13 -> 0 | G14: ='[51]TABLEAU FINAL'!G13 -> 0.082336372 | H14: ='[51]TABLEAU FINAL'!H13 -> 0.082032293
D15: ='[51]TABLEAU FINAL'!D14 -> 3 et plus | E15: ='[51]TABLEAU FINAL'!E14 -> 0 | F15: ='[51]TABLEAU FINAL'!F14 -> 0 | G15: ='[51]TABLEAU FINAL'!G14 -> 0.036475928 | H15: ='[51]TABLEAU FINAL'!H14 -> 0.035321062
C16: ='[51]TABLEAU FINAL'!C15 -> Mono FP-RS | D16: ='[51]TABLEAU FINAL'!D15 -> 1 | E16: ='[51]TABLEAU FINAL'!E15 -> 0 | F16: ='[51]TABLEAU FINAL'!F15 -> 0 | G16: ='[51]TABLEAU FINAL'!G15 -> 0.036258888 | H16: ='[51]TABLEAU FINAL'!H15 -> 0.035748974
D17: ='[51]TABLEAU FINAL'!D16 -> 2 | E17: ='[51]TABLEAU FINAL'!E16 -> 0 | F17: ='[51]TABLEAU FINAL'!F16 -> 0 | G17: ='[51]TABLEAU FINAL'!G16 -> 0.069632254 | H17: ='[51]TABLEAU FINAL'!H16 -> 0.068032111
D18: ='[51]TABLEAU FINAL'!D17 -> 3 et plus | E18: ='[51]TABLEAU FINAL'!E17 -> 0 | F18: ='[51]TABLEAU FINAL'!F17 -> 0 | G18: ='[51]TABLEAU FINAL'!G17 -> -0.00072433902 | H18: ='[51]TABLEAU FINAL'!H17 -> -0.0013838432
C19: ='[51]TABLEAU FINAL'!C18 -> Mono MSAE-PLIB | D19: ='[51]TABLEAU FINAL'!D18 -> 1 | E19: ='[51]TABLEAU FINAL'!E18 -> 0 | F19: ='[51]TABLEAU FINAL'!F18 -> 0 | G19: ='[51]TABLEAU FINAL'!G18 -> 0.046791748 | H19: ='[51]TABLEAU FINAL'!H18 -> 0.047227705
D20: ='[51]TABLEAU FINAL'!D19 -> 2 | E20: ='[51]TABLEAU FINAL'!E19 -> 0 | F20: ='[51]TABLEAU FINAL'!F19 -> 0 | G20: ='[51]TABLEAU FINAL'!G19 -> 0.089762712 | H20: ='[51]TABLEAU FINAL'!H19 -> 0.087523316
D21: ='[51]TABLEAU FINAL'!D20 -> 3 et plus | E21: ='[51]TABLEAU FINAL'!E20 -> 0 | F21: ='[51]TABLEAU FINAL'!F20 -> 0 | G21: ='[51]TABLEAU FINAL'!G20 -> 0.063020744 | H21: ='[51]TABLEAU FINAL'!H20 -> 0.061030263
C22: ='[51]TABLEAU FINAL'!C21 -> Poly Lura-FP-RS | D22: ='[51]TABLEAU FINAL'!D21 -> 1 | E22: ='[51]TABLEAU FINAL'!E21 -> 0 | F22: ='[51]TABLEAU FINAL'!F21 -> 0 | G22: ='[51]TABLEAU FINAL'!G21 -> 0.035041037 | H22: ='[51]TABLEAU FINAL'!H21 -> 0.034256862
D23: ='[51]TABLEAU FINAL'!D22 -> 2 | E23: ='[51]TABLEAU FINAL'!E22 -> 0 | F23: ='[51]TABLEAU FINAL'!F22 -> 0 | G23: ='[51]TABLEAU FINAL'!G22 -> 0.074160206 | H23: ='[51]TABLEAU FINAL'!H22 -> 0.071528498
D24: ='[51]TABLEAU FINAL'!D23 -> 3 et plus | E24: ='[51]TABLEAU FINAL'!E23 -> 0 | F24: ='[51]TABLEAU FINAL'!F23 -> 0 | G24: ='[51]TABLEAU FINAL'!G23 -> 0.0048550503 | H24: ='[51]TABLEAU FINAL'!H23 -> 0.0033407623
C25: ='[51]TABLEAU FINAL'!C24 -> Poly Lura-MSAE-PLIB | D25: ='[51]TABLEAU FINAL'!D24 -> 1 | E25: ='[51]TABLEAU FINAL'!E24 -> 0 | F25: ='[51]TABLEAU FINAL'!F24 -> 0 | G25: ='[51]TABLEAU FINAL'!G24 -> 0.041524173 | H25: ='[51]TABLEAU FINAL'!H24 -> 0.040574974
D26: ='[51]TABLEAU FINAL'!D25 -> 2 | E26: ='[51]TABLEAU FINAL'!E25 -> 0 | F26: ='[51]TABLEAU FINAL'!F25 -> 0 | G26: ='[51]TABLEAU FINAL'!G25 -> 0.075858663 | H26: ='[51]TABLEAU FINAL'!H25 -> 0.074536073
D27: ='[51]TABLEAU FINAL'!D26 -> 3 et plus | E27: ='[51]TABLEAU FINAL'!E26 -> 0 | F27: ='[51]TABLEAU FINAL'!F26 -> 0 | G27: ='[51]TABLEAU FINAL'!G26 -> 0.016831324 | H27: ='[51]TABLEAU FINAL'!H26 -> 0.015265473
B28: ='[51]TABLEAU FINAL'!B27 -> Selon le quintile de pension
B29: ='[51]TABLEAU FINAL'!B28 -> Femmes | C29: ='[51]TABLEAU FINAL'!C28 -> Q1 | D29: ='[51]TABLEAU FINAL'!D28 -> 1 | E29: ='[51]TABLEAU FINAL'!E28 -> 0 | F29: ='[51]TABLEAU FINAL'!F28 -> 0 | G29: ='[51]TABLEAU FINAL'!G28 -> 0.048544331 | H29: ='[51]TABLEAU FINAL'!H28 -> 0.04808634
D30: ='[51]TABLEAU FINAL'!D29 -> 2 | E30: ='[51]TABLEAU FINAL'!E29 -> 0 | F30: ='[51]TABLEAU FINAL'!F29 -> 0 | G30: ='[51]TABLEAU FINAL'!G29 -> 0.096515967 | H30: ='[51]TABLEAU FINAL'!H29 -> 0.095969185
D31: ='[51]TABLEAU FINAL'!D30 -> 3 et plus | E31: ='[51]TABLEAU FINAL'!E30 -> 0 | F31: ='[51]TABLEAU FINAL'!F30 -> 0 | G31: ='[51]TABLEAU FINAL'!G30 -> 0.089437331 | H31: ='[51]TABLEAU FINAL'!H30 -> 0.088589583
C32: ='[51]TABLEAU FINAL'!C31 -> Q2 | D32: ='[51]TABLEAU FINAL'!D31 -> 1 | E32: ='[51]TABLEAU FINAL'!E31 -> 0 | F32: ='[51]TABLEAU FINAL'!F31 -> 0 | G32: ='[51]TABLEAU FINAL'!G31 -> 0.04153112 | H32: ='[51]TABLEAU FINAL'!H31 -> 0.040271256
D33: ='[51]TABLEAU FINAL'!D32 -> 2 | E33: ='[51]TABLEAU FINAL'!E32 -> 0 | F33: ='[51]TABLEAU FINAL'!F32 -> 0 | G33: ='[51]TABLEAU FINAL'!G32 -> 0.087391525 | H33: ='[51]TABLEAU FINAL'!H32 -> 0.084761194
D34: ='[51]TABLEAU FINAL'!D33 -> 3 et plus | E34: ='[51]TABLEAU FINAL'!E33 -> 0 | F34: ='[51]TABLEAU FINAL'!F33 -> 0 | G34: ='[51]TABLEAU FINAL'!G33 -> 0.082210375 | H34: ='[51]TABLEAU FINAL'!H33 -> 0.079506111
C35: ='[51]TABLEAU FINAL'!C34 -> Q3 | D35: ='[51]TABLEAU FINAL'!D34 -> 1 | E35: ='[51]TABLEAU FINAL'!E34 -> 0 | F35: ='[51]TABLEAU FINAL'!F34 -> 0 | G35: ='[51]TABLEAU FINAL'!G34 -> 0.039342998 | H35: ='[51]TABLEAU FINAL'!H34 -> 0.038914036
D36: ='[51]TABLEAU FINAL'!D35 -> 2 | E36: ='[51]TABLEAU FINAL'!E35 -> 0 | F36: ='[51]TABLEAU FINAL'!F35 -> 0 | G36: ='[51]TABLEAU FINAL'!G35 -> 0.083203209 | H36: ='[51]TABLEAU FINAL'!H35 -> 0.081859603
D37: ='[51]TABLEAU FINAL'!D36 -> 3 et plus | E37: ='[51]TABLEAU FINAL'!E36 -> 0 | F37: ='[51]TABLEAU FINAL'!F36 -> 0 | G37: ='[51]TABLEAU FINAL'!G36 -> 0.061871092 | H37: ='[51]TABLEAU FINAL'!H36 -> 0.059910819
C38: ='[51]TABLEAU FINAL'!C37 -> Q4 | D38: ='[51]TABLEAU FINAL'!D37 -> 1 | E38: ='[51]TABLEAU FINAL'!E37 -> 0 | F38: ='[51]TABLEAU FINAL'!F37 -> 0 | G38: ='[51]TABLEAU FINAL'!G37 -> 0.04010033 | H38: ='[51]TABLEAU FINAL'!H37 -> 0.03959939
D39: ='[51]TABLEAU FINAL'!D38 -> 2 | E39: ='[51]TABLEAU FINAL'!E38 -> 0 | F39: ='[51]TABLEAU FINAL'!F38 -> 0 | G39: ='[51]TABLEAU FINAL'!G38 -> 0.083338303 | H39: ='[51]TABLEAU FINAL'!H38 -> 0.082389478
D40: ='[51]TABLEAU FINAL'!D39 -> 3 et plus | E40: ='[51]TABLEAU FINAL'!E39 -> 0 | F40: ='[51]TABLEAU FINAL'!F39 -> 0 | G40: ='[51]TABLEAU FINAL'!G39 -> 0.025562934 | H40: ='[51]TABLEAU FINAL'!H39 -> 0.023799958
C41: ='[51]TABLEAU FINAL'!C40 -> Q5 | D41: ='[51]TABLEAU FINAL'!D40 -> 1 | E41: ='[51]TABLEAU FINAL'!E40 -> 0 | F41: ='[51]TABLEAU FINAL'!F40 -> 0 | G41: ='[51]TABLEAU FINAL'!G40 -> 0.039318604 | H41: ='[51]TABLEAU FINAL'!H40 -> 0.039011335
D42: ='[51]TABLEAU FINAL'!D41 -> 2 | E42: ='[51]TABLEAU FINAL'!E41 -> 0 | F42: ='[51]TABLEAU FINAL'!F41 -> 0 | G42: ='[51]TABLEAU FINAL'!G41 -> 0.06930148 | H42: ='[51]TABLEAU FINAL'!H41 -> 0.068911069
D43: ='[51]TABLEAU FINAL'!D42 -> 3 et plus | E43: ='[51]TABLEAU FINAL'!E42 -> 0 | F43: ='[51]TABLEAU FINAL'!F42 -> 0 | G43: ='[51]TABLEAU FINAL'!G42 -> -0.021728736 | H43: ='[51]TABLEAU FINAL'!H42 -> -0.021888003
B45: Source : Cnav-DSPR – modèle Prisme échantillon 1/20ème
B46: Note : Quintiles de pension calculés sur les droits directs, par sexe, avant réforme

Sheet Tab D.3
A1: Tableau D.3 - Principaux résultats de la simulation de bascule des droits conjugaux vers les droits familiaux - droits directs génération 2000 (hors plafonnement)
A2: Retour au sommaire
D4: ='[52]TABLEAU FINAL'!D3 -> Nombre d'enfants | E4: ='[52]TABLEAU FINAL'!E3 -> Durée validée totale moyenne (écart en trimestres) | F4: ='[52]TABLEAU FINAL'!F3 -> Âge de départ (écart en année) | G4: ='[52]TABLEAU FINAL'!G3 -> Pension moyenne 68 ans | H4: ='[52]TABLEAU FINAL'!H3 -> Pension moyenne CV
B5: ='[52]TABLEAU FINAL'!B4 -> Femmes | D5: ='[52]TABLEAU FINAL'!D4 -> Ensemble | E5: ='[52]TABLEAU FINAL'!E4 -> -3.7450308 | F5: ='[52]TABLEAU FINAL'!F4 -> 0.062350923 | G5: ='[52]TABLEAU FINAL'!G4 -> 0.064769639 | H5: ='[52]TABLEAU FINAL'!H4 -> 0.061934521
B6: ='[52]TABLEAU FINAL'!B5 -> Hommes | D6: ='[52]TABLEAU FINAL'!D5 -> Ensemble | E6: ='[52]TABLEAU FINAL'!E5 -> 0 | F6: ='[52]TABLEAU FINAL'!F5 -> 0 | G6: ='[52]TABLEAU FINAL'!G5 -> -0.022203435 | H6: ='[52]TABLEAU FINAL'!H5 -> -0.022260541
B7: ='[52]TABLEAU FINAL'!B6 -> Selon le nombre d'enfants
B8: ='[52]TABLEAU FINAL'!B7 -> Femmes | D8: ='[52]TABLEAU FINAL'!D7 -> 1 | E8: ='[52]TABLEAU FINAL'!E7 -> -1.43612 | F8: ='[52]TABLEAU FINAL'!F7 -> 0.034424734 | G8: ='[52]TABLEAU FINAL'!G7 -> 0.047908147 | H8: ='[52]TABLEAU FINAL'!H7 -> 0.046215327
D9: ='[52]TABLEAU FINAL'!D8 -> 2 | E9: ='[52]TABLEAU FINAL'!E8 -> -3.2427969 | F9: ='[52]TABLEAU FINAL'!F8 -> 0.071100482 | G9: ='[52]TABLEAU FINAL'!G8 -> 0.10038701 | H9: ='[52]TABLEAU FINAL'!H8 -> 0.097464757
D10: ='[52]TABLEAU FINAL'!D9 -> 3 et plus | E10: ='[52]TABLEAU FINAL'!E9 -> -8.4349337 | F10: ='[52]TABLEAU FINAL'!F9 -> 0.1079043 | G10: ='[52]TABLEAU FINAL'!G9 -> 0.065220814 | H10: ='[52]TABLEAU FINAL'!H9 -> 0.060434704
B11: ='[52]TABLEAU FINAL'!B10 -> Hommes | D11: ='[52]TABLEAU FINAL'!D10 -> 3 et plus | E11: ='[52]TABLEAU FINAL'!E10 -> 0 | F11: ='[52]TABLEAU FINAL'!F10 -> 0 | G11: ='[52]TABLEAU FINAL'!G10 -> -0.086884828 | H11: ='[52]TABLEAU FINAL'!H10 -> -0.087212488
B12: ='[52]TABLEAU FINAL'!B11 -> Selon le régime d'affiliation
B13: ='[52]TABLEAU FINAL'!B12 -> Femmes | C13: ='[52]TABLEAU FINAL'!C12 -> Mono Lura | D13: ='[52]TABLEAU FINAL'!D12 -> 1 | E13: ='[52]TABLEAU FINAL'!E12 -> -2.1025455 | F13: ='[52]TABLEAU FINAL'!F12 -> 0.04810101 | G13: ='[52]TABLEAU FINAL'!G12 -> 0.042914564 | H13: ='[52]TABLEAU FINAL'!H12 -> 0.040233211
D14: ='[52]TABLEAU FINAL'!D13 -> 2 | E14: ='[52]TABLEAU FINAL'!E13 -> -4.5596886 | F14: ='[52]TABLEAU FINAL'!F13 -> 0.093101211 | G14: ='[52]TABLEAU FINAL'!G13 -> 0.089692535 | H14: ='[52]TABLEAU FINAL'!H13 -> 0.085191572
D15: ='[52]TABLEAU FINAL'!D14 -> 3 et plus | E15: ='[52]TABLEAU FINAL'!E14 -> -10.386471 | F15: ='[52]TABLEAU FINAL'!F14 -> 0.12626405 | G15: ='[52]TABLEAU FINAL'!G14 -> 0.051401622 | H15: ='[52]TABLEAU FINAL'!H14 -> 0.045037846
C16: ='[52]TABLEAU FINAL'!C15 -> Mono FP-RS | D16: ='[52]TABLEAU FINAL'!D15 -> 1 | E16: ='[52]TABLEAU FINAL'!E15 -> 1.8055556 | F16: ='[52]TABLEAU FINAL'!F15 -> -0.10648148 | G16: ='[52]TABLEAU FINAL'!G15 -> 0.070745447 | H16: ='[52]TABLEAU FINAL'!H15 -> 0.075505684
D17: ='[52]TABLEAU FINAL'!D16 -> 2 | E17: ='[52]TABLEAU FINAL'!E16 -> 4.1142857 | F17: ='[52]TABLEAU FINAL'!F16 -> -0.16825397 | G17: ='[52]TABLEAU FINAL'!G16 -> 0.15907808 | H17: ='[52]TABLEAU FINAL'!H16 -> 0.16663596
D18: ='[52]TABLEAU FINAL'!D17 -> 3 et plus | E18: ='[52]TABLEAU FINAL'!E17 -> 6.7708333 | F18: ='[52]TABLEAU FINAL'!F17 -> -0.041666667 | G18: ='[52]TABLEAU FINAL'!G17 -> 0.16255738 | H18: ='[52]TABLEAU FINAL'!H17 -> 0.17251664
C19: ='[52]TABLEAU FINAL'!C18 -> Mono MSAE-PLIB | D19: ='[52]TABLEAU FINAL'!D18 -> 1 | E19: ='[52]TABLEAU FINAL'!E18 -> -2.4 | F19: ='[52]TABLEAU FINAL'!F18 -> 0 | G19: ='[52]TABLEAU FINAL'!G18 -> 0.047170597 | H19: ='[52]TABLEAU FINAL'!H18 -> 0.047939467
D20: ='[52]TABLEAU FINAL'!D19 -> 2 | E20: ='[52]TABLEAU FINAL'!E19 -> -4.4444444 | F20: ='[52]TABLEAU FINAL'!F19 -> 0.064814815 | G20: ='[52]TABLEAU FINAL'!G19 -> 0.095898121 | H20: ='[52]TABLEAU FINAL'!H19 -> 0.092104457
D21: ='[52]TABLEAU FINAL'!D20 -> 3 et plus | E21: ='[52]TABLEAU FINAL'!E20 -> -10.5 | F21: ='[52]TABLEAU FINAL'!F20 -> 0 | G21: ='[52]TABLEAU FINAL'!G20 -> 0.1312133 | H21: ='[52]TABLEAU FINAL'!H20 -> 0.13132166
C22: ='[52]TABLEAU FINAL'!C21 -> Poly Lura-FP-RS | D22: ='[52]TABLEAU FINAL'!D21 -> 1 | E22: ='[52]TABLEAU FINAL'!E21 -> 1.9365722 | F22: ='[52]TABLEAU FINAL'!F21 -> -0.030251912 | G22: ='[52]TABLEAU FINAL'!G21 -> 0.069835621 | H22: ='[52]TABLEAU FINAL'!H21 -> 0.071493182
D23: ='[52]TABLEAU FINAL'!D22 -> 2 | E23: ='[52]TABLEAU FINAL'!E22 -> 3.8727114 | F23: ='[52]TABLEAU FINAL'!F22 -> -0.039087475 | G23: ='[52]TABLEAU FINAL'!G22 -> 0.14953596 | H23: ='[52]TABLEAU FINAL'!H22 -> 0.15261781
D24: ='[52]TABLEAU FINAL'!D23 -> 3 et plus | E24: ='[52]TABLEAU FINAL'!E23 -> 5.8869144 | F24: ='[52]TABLEAU FINAL'!F23 -> -0.017366721 | G24: ='[52]TABLEAU FINAL'!G23 -> 0.13512608 | H24: ='[52]TABLEAU FINAL'!H23 -> 0.13717722
C25: ='[52]TABLEAU FINAL'!C24 -> Poly Lura-MSAE-PLIB | D25: ='[52]TABLEAU FINAL'!D24 -> 1 | E25: ='[52]TABLEAU FINAL'!E24 -> -2.4200743 | F25: ='[52]TABLEAU FINAL'!F24 -> 0.059789343 | G25: ='[52]TABLEAU FINAL'!G24 -> 0.037039075 | H25: ='[52]TABLEAU FINAL'!H24 -> 0.03380008
D26: ='[52]TABLEAU FINAL'!D25 -> 2 | E26: ='[52]TABLEAU FINAL'!E25 -> -5.0225734 | F26: ='[52]TABLEAU FINAL'!F25 -> 0.1158766 | G26: ='[52]TABLEAU FINAL'!G25 -> 0.080290247 | H26: ='[52]TABLEAU FINAL'!H25 -> 0.074561403
D27: ='[52]TABLEAU FINAL'!D26 -> 3 et plus | E27: ='[52]TABLEAU FINAL'!E26 -> -9.5531915 | F27: ='[52]TABLEAU FINAL'!F26 -> 0.12204492 | G27: ='[52]TABLEAU FINAL'!G26 -> 0.045574329 | H27: ='[52]TABLEAU FINAL'!H26 -> 0.037371454
B28: ='[52]TABLEAU FINAL'!B27 -> Selon le quintile de pension
B29: ='[52]TABLEAU FINAL'!B28 -> Femmes | C29: ='[52]TABLEAU FINAL'!C28 -> Q1 | D29: ='[52]TABLEAU FINAL'!D28 -> 1 | E29: ='[52]TABLEAU FINAL'!E28 -> -1.6284545 | F29: ='[52]TABLEAU FINAL'!F28 -> 0.0057147731 | G29: ='[52]TABLEAU FINAL'!G28 -> 0.046913746 | H29: ='[52]TABLEAU FINAL'!H28 -> 0.047620288
D30: ='[52]TABLEAU FINAL'!D29 -> 2 | E30: ='[52]TABLEAU FINAL'!E29 -> -3.483376 | F30: ='[52]TABLEAU FINAL'!F29 -> 0.013800085 | G30: ='[52]TABLEAU FINAL'!G29 -> 0.094793374 | H30: ='[52]TABLEAU FINAL'!H29 -> 0.094145903
D31: ='[52]TABLEAU FINAL'!D30 -> 3 et plus | E31: ='[52]TABLEAU FINAL'!E30 -> -13.909502 | F31: ='[52]TABLEAU FINAL'!F30 -> 0.013843999 | G31: ='[52]TABLEAU FINAL'!G30 -> -0.045400172 | H31: ='[52]TABLEAU FINAL'!H30 -> -0.047375449
C32: ='[52]TABLEAU FINAL'!C31 -> Q2 | D32: ='[52]TABLEAU FINAL'!D31 -> 1 | E32: ='[52]TABLEAU FINAL'!E31 -> -1.5421546 | F32: ='[52]TABLEAU FINAL'!F31 -> 0.06147541 | G32: ='[52]TABLEAU FINAL'!G31 -> 0.051217036 | H32: ='[52]TABLEAU FINAL'!H31 -> 0.047730814
D33: ='[52]TABLEAU FINAL'!D32 -> 2 | E33: ='[52]TABLEAU FINAL'!E32 -> -3.7168611 | F33: ='[52]TABLEAU FINAL'!F32 -> 0.12283492 | G33: ='[52]TABLEAU FINAL'!G32 -> 0.10139651 | H33: ='[52]TABLEAU FINAL'!H32 -> 0.096001894
D34: ='[52]TABLEAU FINAL'!D33 -> 3 et plus | E34: ='[52]TABLEAU FINAL'!E33 -> -8.8325723 | F34: ='[52]TABLEAU FINAL'!F33 -> 0.21175799 | G34: ='[52]TABLEAU FINAL'!G33 -> 0.079098055 | H34: ='[52]TABLEAU FINAL'!H33 -> 0.068450452
C35: ='[52]TABLEAU FINAL'!C34 -> Q3 | D35: ='[52]TABLEAU FINAL'!D34 -> 1 | E35: ='[52]TABLEAU FINAL'!E34 -> -1.152439 | F35: ='[52]TABLEAU FINAL'!F34 -> 0.035823171 | G35: ='[52]TABLEAU FINAL'!G34 -> 0.049584169 | H35: ='[52]TABLEAU FINAL'!H34 -> 0.04842786
D36: ='[52]TABLEAU FINAL'!D35 -> 2 | E36: ='[52]TABLEAU FINAL'!E35 -> -2.62 | F36: ='[52]TABLEAU FINAL'!F35 -> 0.074027778 | G36: ='[52]TABLEAU FINAL'!G35 -> 0.10113601 | H36: ='[52]TABLEAU FINAL'!H35 -> 0.098061753
D37: ='[52]TABLEAU FINAL'!D36 -> 3 et plus | E37: ='[52]TABLEAU FINAL'!E36 -> -6.9434524 | F37: ='[52]TABLEAU FINAL'!F36 -> 0.10757688 | G37: ='[52]TABLEAU FINAL'!G36 -> 0.06757069 | H37: ='[52]TABLEAU FINAL'!H36 -> 0.06253597
C38: ='[52]TABLEAU FINAL'!C37 -> Q4 | D38: ='[52]TABLEAU FINAL'!D37 -> 1 | E38: ='[52]TABLEAU FINAL'!E37 -> -1.1730449 | F38: ='[52]TABLEAU FINAL'!F37 -> 0.031960621 | G38: ='[52]TABLEAU FINAL'!G37 -> 0.048724962 | H38: ='[52]TABLEAU FINAL'!H37 -> 0.047341701
D39: ='[52]TABLEAU FINAL'!D38 -> 2 | E39: ='[52]TABLEAU FINAL'!E38 -> -2.7343216 | F39: ='[52]TABLEAU FINAL'!F38 -> 0.059007982 | G39: ='[52]TABLEAU FINAL'!G38 -> 0.10523509 | H39: ='[52]TABLEAU FINAL'!H38 -> 0.10343451
D40: ='[52]TABLEAU FINAL'!D39 -> 3 et plus | E40: ='[52]TABLEAU FINAL'!E39 -> -4.9694519 | F40: ='[52]TABLEAU FINAL'!F39 -> 0.10467206 | G40: ='[52]TABLEAU FINAL'!G39 -> 0.071675131 | H40: ='[52]TABLEAU FINAL'!H39 -> 0.068215587
C41: ='[52]TABLEAU FINAL'!C40 -> Q5 | D41: ='[52]TABLEAU FINAL'!D40 -> 1 | E41: ='[52]TABLEAU FINAL'!E40 -> -1.6833073 | F41: ='[52]TABLEAU FINAL'!F40 -> 0.039521581 | G41: ='[52]TABLEAU FINAL'!G40 -> 0.045997079 | H41: ='[52]TABLEAU FINAL'!H40 -> 0.044093002
D42: ='[52]TABLEAU FINAL'!D41 -> 2 | E42: ='[52]TABLEAU FINAL'!E41 -> -3.660664 | F42: ='[52]TABLEAU FINAL'!F41 -> 0.075595573 | G42: ='[52]TABLEAU FINAL'!G41 -> 0.097331822 | H42: ='[52]TABLEAU FINAL'!H41 -> 0.094381409
D43: ='[52]TABLEAU FINAL'!D42 -> 3 et plus | E43: ='[52]TABLEAU FINAL'!E42 -> -5.3481262 | F43: ='[52]TABLEAU FINAL'!F42 -> 0.12080868 | G43: ='[52]TABLEAU FINAL'!G42 -> 0.08107569 | H43: ='[52]TABLEAU FINAL'!H42 -> 0.076111801
B45: Source : Cnav-DSPR – modèle Prisme échantillon 1/20ème
B46: Note : Quintiles de pension calculés sur les droits directs, par sexe, avant réforme

Sheet Tab D.4
A1: Tableau D.4 - Principaux résultats de la simulation de bascule des droits conjugaux vers les droits familiaux - réversion génération 2000
A2: Retour au sommaire
D4: ='[53]TABLEAU FINAL'!D3 -> Quintile | E4: ='[53]TABLEAU FINAL'!E3 -> Durée de perception moyenne (écart en années | F4: ='[53]TABLEAU FINAL'!F3 -> Âge de perception (écart en année) | G4: ='[53]TABLEAU FINAL'!G3 -> Pension moyenne 68 ans | H4: ='[53]TABLEAU FINAL'!H3 -> Pension moyenne CV
B5: ='[53]TABLEAU FINAL'!B4 -> Femmes | C5: ='[53]TABLEAU FINAL'!C4 -> 0 | D5: ='[53]TABLEAU FINAL'!D4 -> Ensemble | E5: ='[53]TABLEAU FINAL'!E4 -> -2.9188314 | F5: ='[53]TABLEAU FINAL'!F4 -> 2.3978217 | G5: ='[53]TABLEAU FINAL'!G4 -> -0.24472021 | H5: ='[53]TABLEAU FINAL'!H4 -> -0.30569128
B6: ='[53]TABLEAU FINAL'!B5 -> Hommes | C6: ='[53]TABLEAU FINAL'!C5 -> 0 | D6: ='[53]TABLEAU FINAL'!D5 -> Ensemble | E6: ='[53]TABLEAU FINAL'!E5 -> -3.3769749 | F6: ='[53]TABLEAU FINAL'!F5 -> 2.3346536 | G6: ='[53]TABLEAU FINAL'!G5 -> -0.01012934 | H6: ='[53]TABLEAU FINAL'!H5 -> -0.14965274
B7: ='[53]TABLEAU FINAL'!B6 -> Selon le quintile de pension | C7: ='[53]TABLEAU FINAL'!C6 -> 0 | D7: ='[53]TABLEAU FINAL'!D6 -> 0 | E7: ='[53]TABLEAU FINAL'!E6 -> 0 | F7: ='[53]TABLEAU FINAL'!F6 -> 0 | G7: ='[53]TABLEAU FINAL'!G6 -> 0 | H7: ='[53]TABLEAU FINAL'!H6 -> 0
B8: ='[53]TABLEAU FINAL'!B7 -> Femmes | C8: ='[53]TABLEAU FINAL'!C7 -> 0 | D8: ='[53]TABLEAU FINAL'!D7 -> Q1 | E8: ='[53]TABLEAU FINAL'!E7 -> -2.2190152 | F8: ='[53]TABLEAU FINAL'!F7 -> -2.0229651 | G8: ='[53]TABLEAU FINAL'!G7 -> 0.25626926 | H8: ='[53]TABLEAU FINAL'!H7 -> -0.057610186
B9: ='[53]TABLEAU FINAL'!B8 -> 0 | C9: ='[53]TABLEAU FINAL'!C8 -> 0 | D9: ='[53]TABLEAU FINAL'!D8 -> Q2 | E9: ='[53]TABLEAU FINAL'!E8 -> -2.471979 | F9: ='[53]TABLEAU FINAL'!F8 -> 0.73640843 | G9: ='[53]TABLEAU FINAL'!G8 -> -0.28128795 | H9: ='[53]TABLEAU FINAL'!H8 -> -0.36071132
B10: ='[53]TABLEAU FINAL'!B9 -> 0 | C10: ='[53]TABLEAU FINAL'!C9 -> 0 | D10: ='[53]TABLEAU FINAL'!D9 -> Q3 | E10: ='[53]TABLEAU FINAL'!E9 -> -2.0487253 | F10: ='[53]TABLEAU FINAL'!F9 -> 1.0030768 | G10: ='[53]TABLEAU FINAL'!G9 -> -0.26317272 | H10: ='[53]TABLEAU FINAL'!H9 -> -0.29769862
B11: ='[53]TABLEAU FINAL'!B10 -> 0 | C11: ='[53]TABLEAU FINAL'!C10 -> 0 | D11: ='[53]TABLEAU FINAL'!D10 -> Q4 | E11: ='[53]TABLEAU FINAL'!E10 -> -1.5255958 | F11: ='[53]TABLEAU FINAL'!F10 -> 0.80443035 | G11: ='[53]TABLEAU FINAL'!G10 -> -0.29481696 | H11: ='[53]TABLEAU FINAL'!H10 -> -0.32293816
B12: ='[53]TABLEAU FINAL'!B11 -> 0 | C12: ='[53]TABLEAU FINAL'!C11 -> 0 | D12: ='[53]TABLEAU FINAL'!D11 -> Q5 | E12: ='[53]TABLEAU FINAL'!E11 -> -0.76558171 | F12: ='[53]TABLEAU FINAL'!F11 -> 0.22588781 | G12: ='[53]TABLEAU FINAL'!G11 -> -0.5278222 | H12: ='[53]TABLEAU FINAL'!H11 -> -0.55602579
B13: ='[53]TABLEAU FINAL'!B12 -> Hommes | C13: ='[53]TABLEAU FINAL'!C12 -> 0 | D13: ='[53]TABLEAU FINAL'!D12 -> Q1 | E13: ='[53]TABLEAU FINAL'!E12 -> -5.9932345 | F13: ='[53]TABLEAU FINAL'!F12 -> -8.3771478 | G13: ='[53]TABLEAU FINAL'!G12 -> 1.5766118 | H13: ='[53]TABLEAU FINAL'!H12 -> -0.44759864
B14: ='[53]TABLEAU FINAL'!B13 -> 0 | C14: ='[53]TABLEAU FINAL'!C13 -> 0 | D14: ='[53]TABLEAU FINAL'!D13 -> Q2 | E14: ='[53]TABLEAU FINAL'!E13 -> -4.6492357 | F14: ='[53]TABLEAU FINAL'!F13 -> 2.0304772 | G14: ='[53]TABLEAU FINAL'!G13 -> 0.022232629 | H14: ='[53]TABLEAU FINAL'!H13 -> -0.31762656
B15: ='[53]TABLEAU FINAL'!B14 -> 0 | C15: ='[53]TABLEAU FINAL'!C14 -> 0 | D15: ='[53]TABLEAU FINAL'!D14 -> Q3 | E15: ='[53]TABLEAU FINAL'!E14 -> -5.577878 | F15: ='[53]TABLEAU FINAL'!F14 -> 1.0797702 | G15: ='[53]TABLEAU FINAL'!G14 -> -0.16493472 | H15: ='[53]TABLEAU FINAL'!H14 -> -0.30904092
B16: ='[53]TABLEAU FINAL'!B15 -> 0 | C16: ='[53]TABLEAU FINAL'!C15 -> 0 | D16: ='[53]TABLEAU FINAL'!D15 -> Q4 | E16: ='[53]TABLEAU FINAL'!E15 -> -1.4113335 | F16: ='[53]TABLEAU FINAL'!F15 -> -0.30628664 | G16: ='[53]TABLEAU FINAL'!G15 -> -0.28342799 | H16: ='[53]TABLEAU FINAL'!H15 -> -0.37607487
B17: ='[53]TABLEAU FINAL'!B16 -> 0 | C17: ='[53]TABLEAU FINAL'!C16 -> 0 | D17: ='[53]TABLEAU FINAL'!D16 -> Q5 | E17: ='[53]TABLEAU FINAL'!E16 -> -0.24227085 | F17: ='[53]TABLEAU FINAL'!F16 -> 0.095137047 | G17: ='[53]TABLEAU FINAL'!G16 -> -0.40983894 | H17: ='[53]TABLEAU FINAL'!H16 -> -0.43938463
B19: Source : Cnav-DSPR – modèle Prisme échantillon 1/20ème
B20: Note : Quintiles calculés sur les pensions de réversion avant réforme, par sexe. À noter que le champ avant réforme et après réforme n'est pas le même : les assurés qui perdent la réversion avec les mesures ne sont plus dans le même champ après réforme.

Sheet Tab D.5
A1: Tableau D.5 - Principaux résultats de la simulation de bascule des droits conjugaux vers les droits familiaux - réversion génération 1966
A2: Retour au sommaire
D4: ='[54]TABLEAU FINAL'!D3 -> Quintile | E4: ='[54]TABLEAU FINAL'!E3 -> Durée de perception moyenne (écart en années | F4: ='[54]TABLEAU FINAL'!F3 -> Âge de perception (écart en année) | G4: ='[54]TABLEAU FINAL'!G3 -> Pension moyenne 68 ans | H4: ='[54]TABLEAU FINAL'!H3 -> Pension moyenne CV
B5: ='[54]TABLEAU FINAL'!B4 -> Femmes | D5: ='[54]TABLEAU FINAL'!D4 -> Ensemble | E5: ='[54]TABLEAU FINAL'!E4 -> 1.3894957 | F5: ='[54]TABLEAU FINAL'!F4 -> -2.444851 | G5: ='[54]TABLEAU FINAL'!G4 -> -0.19310092 | H5: ='[54]TABLEAU FINAL'!H4 -> -0.04683909
B6: ='[54]TABLEAU FINAL'!B5 -> Hommes | D6: ='[54]TABLEAU FINAL'!D5 -> Ensemble | E6: ='[54]TABLEAU FINAL'!E5 -> 1.6822955 | F6: ='[54]TABLEAU FINAL'!F5 -> -3.3811356 | G6: ='[54]TABLEAU FINAL'!G5 -> 0.013404513 | H6: ='[54]TABLEAU FINAL'!H5 -> 0.17762277
B7: ='[54]TABLEAU FINAL'!B6 -> Selon le quintile de pension
B8: ='[54]TABLEAU FINAL'!B7 -> Femmes | D8: ='[54]TABLEAU FINAL'!D7 -> Q1 | E8: ='[54]TABLEAU FINAL'!E7 -> 8.6888827 | F8: ='[54]TABLEAU FINAL'!F7 -> -11.178788 | G8: ='[54]TABLEAU FINAL'!G7 -> 0.24177594 | H8: ='[54]TABLEAU FINAL'!H7 -> 0.76546766
D9: ='[54]TABLEAU FINAL'!D8 -> Q2 | E9: ='[54]TABLEAU FINAL'!E8 -> 2.860163 | F9: ='[54]TABLEAU FINAL'!F8 -> -4.6755904 | G9: ='[54]TABLEAU FINAL'!G8 -> -0.20969932 | H9: ='[54]TABLEAU FINAL'!H8 -> 0.036529086
D10: ='[54]TABLEAU FINAL'!D9 -> Q3 | E10: ='[54]TABLEAU FINAL'!E9 -> 0.29314186 | F10: ='[54]TABLEAU FINAL'!F9 -> -2.6632204 | G10: ='[54]TABLEAU FINAL'!G9 -> -0.22615799 | H10: ='[54]TABLEAU FINAL'!H9 -> -0.068285282
D11: ='[54]TABLEAU FINAL'!D10 -> Q4 | E11: ='[54]TABLEAU FINAL'!E10 -> 0.63739527 | F11: ='[54]TABLEAU FINAL'!F10 -> -1.4063084 | G11: ='[54]TABLEAU FINAL'!G10 -> -0.22263847 | H11: ='[54]TABLEAU FINAL'!H10 -> -0.11219796
D12: ='[54]TABLEAU FINAL'!D11 -> Q5 | E12: ='[54]TABLEAU FINAL'!E11 -> 0.15345434 | F12: ='[54]TABLEAU FINAL'!F11 -> -0.90916506 | G12: ='[54]TABLEAU FINAL'!G11 -> -0.41878088 | H12: ='[54]TABLEAU FINAL'!H11 -> -0.31876044
B13: ='[54]TABLEAU FINAL'!B12 -> Hommes | D13: ='[54]TABLEAU FINAL'!D12 -> Q1 | E13: ='[54]TABLEAU FINAL'!E12 -> 14.434109 | F13: ='[54]TABLEAU FINAL'!F12 -> -21.425582 | G13: ='[54]TABLEAU FINAL'!G12 -> 0.48503258 | H13: ='[54]TABLEAU FINAL'!H12 -> 1.6670652
D14: ='[54]TABLEAU FINAL'!D13 -> Q2 | E14: ='[54]TABLEAU FINAL'!E13 -> 6.5473555 | F14: ='[54]TABLEAU FINAL'!F13 -> -10.760681 | G14: ='[54]TABLEAU FINAL'!G13 -> -0.11422093 | H14: ='[54]TABLEAU FINAL'!H13 -> 0.50618987
D15: ='[54]TABLEAU FINAL'!D14 -> Q3 | E15: ='[54]TABLEAU FINAL'!E14 -> 5.4757725 | F15: ='[54]TABLEAU FINAL'!F14 -> -3.8412041 | G15: ='[54]TABLEAU FINAL'!G14 -> -0.13261751 | H15: ='[54]TABLEAU FINAL'!H14 -> 0.033722603
D16: ='[54]TABLEAU FINAL'!D15 -> Q4 | E16: ='[54]TABLEAU FINAL'!E15 -> 0.84921575 | F16: ='[54]TABLEAU FINAL'!F15 -> -2.1227314 | G16: ='[54]TABLEAU FINAL'!G15 -> -0.16025339 | H16: ='[54]TABLEAU FINAL'!H15 -> -0.033089503
D17: ='[54]TABLEAU FINAL'!D16 -> Q5 | E17: ='[54]TABLEAU FINAL'!E16 -> 0.14037791 | F17: ='[54]TABLEAU FINAL'!F16 -> -0.63973181 | G17: ='[54]TABLEAU FINAL'!G16 -> -0.28051727 | H17: ='[54]TABLEAU FINAL'!H16 -> -0.18091806
B19: Source : Cnav-DSPR – modèle Prisme échantillon 1/20ème
B20: Note : Quintiles calculés sur les pensions de réversion avant réforme, par sexe. À noter que le champ avant réforme et après réforme n'est pas le même : les assurés qui perdent la réversion avec les mesures ne sont plus dans le même champ après réforme.

Sheet Tab D.6
A1: Tableau D.6 - Principaux résultats de la simulation de bascule des droits conjugaux vers les droits familiaux - droits directs et réversion génération 2000 (avec plafonnement)
A2: Retour au sommaire
D4: ='[55]TABLEAU FINAL'!D3 -> Nombre d'enfants | E4: ='[55]TABLEAU FINAL'!G3 -> Pension moyenne CV | F4: ='[55]TABLEAU FINAL'!H3 -> 0
B5: ='[55]TABLEAU FINAL'!B4 -> Femmes | C5: ='[55]TABLEAU FINAL'!C4 -> 0 | D5: ='[55]TABLEAU FINAL'!D4 -> Ensemble | E5: ='[55]TABLEAU FINAL'!G4 -> 0.0165606 | F5: ='[55]TABLEAU FINAL'!H4 -> 0
B6: ='[55]TABLEAU FINAL'!B5 -> Hommes | C6: ='[55]TABLEAU FINAL'!C5 -> 0 | D6: ='[55]TABLEAU FINAL'!D5 -> Ensemble | E6: ='[55]TABLEAU FINAL'!G5 -> -0.025916777 | F6: ='[55]TABLEAU FINAL'!H5 -> 0
B7: ='[55]TABLEAU FINAL'!B6 -> Selon le nombre d'enfants
B8: ='[55]TABLEAU FINAL'!B7 -> Femmes | C8: ='[55]TABLEAU FINAL'!C7 -> 0 | D8: ='[55]TABLEAU FINAL'!D7 -> 1 | E8: ='[55]TABLEAU FINAL'!G7 -> 0.015596947 | F8: ='[55]TABLEAU FINAL'!H7 -> 0
B9: ='[55]TABLEAU FINAL'!B8 -> 0 | C9: ='[55]TABLEAU FINAL'!C8 -> 0 | D9: ='[55]TABLEAU FINAL'!D8 -> 2 | E9: ='[55]TABLEAU FINAL'!G8 -> 0.054159386 | F9: ='[55]TABLEAU FINAL'!H8 -> 0
B10: ='[55]TABLEAU FINAL'!B9 -> 0 | C10: ='[55]TABLEAU FINAL'!C9 -> 0 | D10: ='[55]TABLEAU FINAL'!D9 -> 3 et plus | E10: ='[55]TABLEAU FINAL'!G9 -> -0.019753057 | F10: ='[55]TABLEAU FINAL'!H9 -> 0
B11: ='[55]TABLEAU FINAL'!B10 -> Hommes | C11: ='[55]TABLEAU FINAL'!C10 -> 0 | D11: ='[55]TABLEAU FINAL'!D10 -> 1 | E11: ='[55]TABLEAU FINAL'!G10 -> -0.0035082654 | F11: ='[55]TABLEAU FINAL'!H10 -> 0
B12: ='[55]TABLEAU FINAL'!B11 -> 0 | C12: ='[55]TABLEAU FINAL'!C11 -> 0 | D12: ='[55]TABLEAU FINAL'!D11 -> 2 | E12: ='[55]TABLEAU FINAL'!G11 -> -0.0040445372 | F12: ='[55]TABLEAU FINAL'!H11 -> 0
B13: ='[55]TABLEAU FINAL'!B12 -> 0 | C13: ='[55]TABLEAU FINAL'!C12 -> 0 | D13: ='[55]TABLEAU FINAL'!D12 -> 3 et plus | E13: ='[55]TABLEAU FINAL'!G12 -> -0.089830236 | F13: ='[55]TABLEAU FINAL'!H12 -> 0
B15: ='[55]TABLEAU FINAL'!B21 -> Pension moyenne sur cycle de vie selon le régime d'affiliation | C15: ='[55]TABLEAU FINAL'!C21 -> 0 | D15: ='[55]TABLEAU FINAL'!D21 -> 0 | E15: ='[55]TABLEAU FINAL'!E21 -> 0 | F15: ='[55]TABLEAU FINAL'!F21 -> 0 | G15: ='[55]TABLEAU FINAL'!G21 -> 0 | H15: ='[55]TABLEAU FINAL'!H21 -> 0 | I15: ='[55]TABLEAU FINAL'!I21 -> 0 | J15: ='[55]TABLEAU FINAL'!J21 -> 0
D16: ='[55]TABLEAU FINAL'!D22 -> Nombre d'enfants | E16: ='[55]TABLEAU FINAL'!E22 -> Mono Lura | F16: ='[55]TABLEAU FINAL'!F22 -> Mono FP-RS | G16: ='[55]TABLEAU FINAL'!G22 -> Mono MSAE-PLIB | H16: ='[55]TABLEAU FINAL'!H22 -> Poly Lura-FP-RS | I16: ='[55]TABLEAU FINAL'!I22 -> Poly Lura-MSAE-PLIB | J16: ='[55]TABLEAU FINAL'!J22 -> Sans droit propre
B17: ='[55]TABLEAU FINAL'!B23 -> Femmes | C17: ='[55]TABLEAU FINAL'!C23 -> 0 | D17: ='[55]TABLEAU FINAL'!D23 -> 1 | E17: ='[55]TABLEAU FINAL'!E23 -> 0.0080097237 | F17: ='[55]TABLEAU FINAL'!F23 -> 0.037729788 | G17: ='[55]TABLEAU FINAL'!G23 -> 0.033014622 | H17: ='[55]TABLEAU FINAL'!H23 -> 0.031601161 | I17: ='[55]TABLEAU FINAL'!I23 -> -0.010615729 | J17: ='[55]TABLEAU FINAL'!J23 -> 0.65236325
B18: ='[55]TABLEAU FINAL'!B24 -> 0 | C18: ='[55]TABLEAU FINAL'!C24 -> 0 | D18: ='[55]TABLEAU FINAL'!D24 -> 2 | E18: ='[55]TABLEAU FINAL'!E24 -> 0.041171216 | F18: ='[55]TABLEAU FINAL'!F24 -> 0.13864577 | G18: ='[55]TABLEAU FINAL'!G24 -> 0.040021304 | H18: ='[55]TABLEAU FINAL'!H24 -> 0.098398401 | I18: ='[55]TABLEAU FINAL'!I24 -> 0.030234119 | J18: ='[55]TABLEAU FINAL'!J24 -> 0.31596696
B19: ='[55]TABLEAU FINAL'!B25 -> 0 | C19: ='[55]TABLEAU FINAL'!C25 -> 0 | D19: ='[55]TABLEAU FINAL'!D25 -> 3 et plus | E19: ='[55]TABLEAU FINAL'!E25 -> -0.029795892 | F19: ='[55]TABLEAU FINAL'!F25 -> 0.095961588 | G19: ='[55]TABLEAU FINAL'!G25 -> -0.052550063 | H19: ='[55]TABLEAU FINAL'!H25 -> 0.023596693 | I19: ='[55]TABLEAU FINAL'!I25 -> -0.049401492 | J19: ='[55]TABLEAU FINAL'!J25 -> 0.15258292
B20: ='[55]TABLEAU FINAL'!B26 -> Hommes | C20: ='[55]TABLEAU FINAL'!C26 -> 0 | D20: ='[55]TABLEAU FINAL'!D26 -> 1 | E20: ='[55]TABLEAU FINAL'!E26 -> -0.0033605504 | F20: ='[55]TABLEAU FINAL'!F26 -> -0.0023868768 | G20: ='[55]TABLEAU FINAL'!G26 -> 4.3762771e-12 | H20: ='[55]TABLEAU FINAL'!H26 -> -0.0048534214 | I20: ='[55]TABLEAU FINAL'!I26 -> -0.0048524556 | J20: ='[55]TABLEAU FINAL'!J26 -> 0.14188214
B21: ='[55]TABLEAU FINAL'!B27 -> 0 | C21: ='[55]TABLEAU FINAL'!C27 -> 0 | D21: ='[55]TABLEAU FINAL'!D27 -> 2 | E21: ='[55]TABLEAU FINAL'!E27 -> -0.0049078256 | F21: ='[55]TABLEAU FINAL'!F27 -> -0.00067742572 | G21: ='[55]TABLEAU FINAL'!G27 -> 0.0010418794 | H21: ='[55]TABLEAU FINAL'!H27 -> -0.0035775368 | I21: ='[55]TABLEAU FINAL'!I27 -> -0.0065190062 | J21: ='[55]TABLEAU FINAL'!J27 -> 1.0920524
B22: ='[55]TABLEAU FINAL'!B28 -> 0 | C22: ='[55]TABLEAU FINAL'!C28 -> 0 | D22: ='[55]TABLEAU FINAL'!D28 -> 3 et plus | E22: ='[55]TABLEAU FINAL'!E28 -> -0.088911644 | F22: ='[55]TABLEAU FINAL'!F28 -> -0.11646233 | G22: ='[55]TABLEAU FINAL'!G28 -> -0.057011113 | H22: ='[55]TABLEAU FINAL'!H28 -> -0.1064175 | I22: ='[55]TABLEAU FINAL'!I28 -> -0.078534079 | J22: ='[55]TABLEAU FINAL'!J28 -> 0.43569703
B24: ='[55]TABLEAU FINAL'!B37 -> Pension moyenne sur cycle de vie selon le quintile de pension | C24: ='[55]TABLEAU FINAL'!C37 -> 0 | D24: ='[55]TABLEAU FINAL'!D37 -> 0 | E24: ='[55]TABLEAU FINAL'!E37 -> 0 | F24: ='[55]TABLEAU FINAL'!F37 -> 0 | G24: ='[55]TABLEAU FINAL'!G37 -> 0 | H24: ='[55]TABLEAU FINAL'!H37 -> 0 | I24: ='[55]TABLEAU FINAL'!I37 -> 0
D25: ='[55]TABLEAU FINAL'!D38 -> Nombre d'enfants | E25: ='[55]TABLEAU FINAL'!E38 -> Q1 | F25: ='[55]TABLEAU FINAL'!F38 -> Q2 | G25: ='[55]TABLEAU FINAL'!G38 -> Q3 | H25: ='[55]TABLEAU FINAL'!H38 -> Q4 | I25: ='[55]TABLEAU FINAL'!I38 -> Q5
B26: ='[55]TABLEAU FINAL'!B39 -> Femmes | C26: ='[55]TABLEAU FINAL'!C39 -> 0 | D26: ='[55]TABLEAU FINAL'!D39 -> 1 | E26: ='[55]TABLEAU FINAL'!E39 -> 0.14323165 | F26: ='[55]TABLEAU FINAL'!F39 -> 0.058103984 | G26: ='[55]TABLEAU FINAL'!G39 -> 0.032153081 | H26: ='[55]TABLEAU FINAL'!H39 -> -0.00053628767 | I26: ='[55]TABLEAU FINAL'!I39 -> -0.019722987
B27: ='[55]TABLEAU FINAL'!B40 -> 0 | C27: ='[55]TABLEAU FINAL'!C40 -> 0 | D27: ='[55]TABLEAU FINAL'!D40 -> 2 | E27: ='[55]TABLEAU FINAL'!E40 -> 0.16794015 | F27: ='[55]TABLEAU FINAL'!F40 -> 0.10480453 | G27: ='[55]TABLEAU FINAL'!G40 -> 0.080859426 | H27: ='[55]TABLEAU FINAL'!H40 -> 0.037732989 | I27: ='[55]TABLEAU FINAL'!I40 -> 0.00029276792
B28: ='[55]TABLEAU FINAL'!B41 -> 0 | C28: ='[55]TABLEAU FINAL'!C41 -> 0 | D28: ='[55]TABLEAU FINAL'!D41 -> 3 et plus | E28: ='[55]TABLEAU FINAL'!E41 -> 0.052879978 | F28: ='[55]TABLEAU FINAL'!F41 -> 0.07368787 | G28: ='[55]TABLEAU FINAL'!G41 -> 0.020108437 | H28: ='[55]TABLEAU FINAL'!H41 -> -0.027128242 | I28: ='[55]TABLEAU FINAL'!I41 -> -0.1046753
B29: ='[55]TABLEAU FINAL'!B42 -> Hommes | C29: ='[55]TABLEAU FINAL'!C42 -> 0 | D29: ='[55]TABLEAU FINAL'!D42 -> 1 | E29: ='[55]TABLEAU FINAL'!E42 -> 0.0079812892 | F29: ='[55]TABLEAU FINAL'!F42 -> 0.0020064198 | G29: ='[55]TABLEAU FINAL'!G42 -> -0.0026521946 | H29: ='[55]TABLEAU FINAL'!H42 -> -0.0080867074 | I29: ='[55]TABLEAU FINAL'!I42 -> -0.0056362657
B30: ='[55]TABLEAU FINAL'!B43 -> 0 | C30: ='[55]TABLEAU FINAL'!C43 -> 0 | D30: ='[55]TABLEAU FINAL'!D43 -> 2 | E30: ='[55]TABLEAU FINAL'!E43 -> 0.016717542 | F30: ='[55]TABLEAU FINAL'!F43 -> -0.00037748542 | G30: ='[55]TABLEAU FINAL'!G43 -> -0.0025921061 | H30: ='[55]TABLEAU FINAL'!H43 -> -0.0071250029 | I30: ='[55]TABLEAU FINAL'!I43 -> -0.0095334176
B31: ='[55]TABLEAU FINAL'!B44 -> 0 | C31: ='[55]TABLEAU FINAL'!C44 -> 0 | D31: ='[55]TABLEAU FINAL'!D44 -> 3 et plus | E31: ='[55]TABLEAU FINAL'!E44 -> -0.065878698 | F31: ='[55]TABLEAU FINAL'!F44 -> -0.085230636 | G31: ='[55]TABLEAU FINAL'!G44 -> -0.092444916 | H31: ='[55]TABLEAU FINAL'!H44 -> -0.099387801 | I31: ='[55]TABLEAU FINAL'!I44 -> -0.090834845
B33: Source : Cnav-DSPR – modèle Prisme échantillon 1/20ème
B34: Note : Quintiles calculés sur les pensions totales (droits directs et réversion) avant réforme, par sexe.

Sheet Tab D.7
A1: Tableau D.7 - Principaux résultats de la simulation de bascule des droits conjugaux vers les droits familiaux - droits directs et réversion génération 1966 (avec plafonnement)
A2: Retour au sommaire
D4: ='[55]TABLEAU FINAL'!D3 -> Nombre d'enfants | E4: ='[55]TABLEAU FINAL'!G3 -> Pension moyenne CV | F4: ='[55]TABLEAU FINAL'!H3 -> 0
B5: ='[55]TABLEAU FINAL'!B4 -> Femmes | C5: ='[55]TABLEAU FINAL'!C4 -> 0 | D5: ='[55]TABLEAU FINAL'!D4 -> Ensemble | E5: ='[56]TABLEAU FINAL'!G4 -> -0.013532518
B6: ='[55]TABLEAU FINAL'!B5 -> Hommes | C6: ='[55]TABLEAU FINAL'!C5 -> 0 | D6: ='[55]TABLEAU FINAL'!D5 -> Ensemble | E6: ='[56]TABLEAU FINAL'!G5 -> -0.030805864
B7: ='[55]TABLEAU FINAL'!B6 -> Selon le nombre d'enfants
B8: ='[55]TABLEAU FINAL'!B7 -> Femmes | C8: ='[55]TABLEAU FINAL'!C7 -> 0 | D8: ='[55]TABLEAU FINAL'!D7 -> 1 | E8: ='[56]TABLEAU FINAL'!G7 -> -0.013553144
B9: ='[55]TABLEAU FINAL'!B8 -> 0 | C9: ='[55]TABLEAU FINAL'!C8 -> 0 | D9: ='[55]TABLEAU FINAL'!D8 -> 2 | E9: ='[56]TABLEAU FINAL'!G8 -> 0.015916893
B10: ='[55]TABLEAU FINAL'!B9 -> 0 | C10: ='[55]TABLEAU FINAL'!C9 -> 0 | D10: ='[55]TABLEAU FINAL'!D9 -> 3 et plus | E10: ='[56]TABLEAU FINAL'!G9 -> -0.044215651
B11: ='[55]TABLEAU FINAL'!B10 -> Hommes | C11: ='[55]TABLEAU FINAL'!C10 -> 0 | D11: ='[55]TABLEAU FINAL'!D10 -> 1 | E11: ='[56]TABLEAU FINAL'!G10 -> -0.0047240775
B12: ='[55]TABLEAU FINAL'!B11 -> 0 | C12: ='[55]TABLEAU FINAL'!C11 -> 0 | D12: ='[55]TABLEAU FINAL'!D11 -> 2 | E12: ='[56]TABLEAU FINAL'!G11 -> -0.0051999932
B13: ='[55]TABLEAU FINAL'!B12 -> 0 | C13: ='[55]TABLEAU FINAL'!C12 -> 0 | D13: ='[55]TABLEAU FINAL'!D12 -> 3 et plus | E13: ='[56]TABLEAU FINAL'!G12 -> -0.088435325
B15: ='[56]TABLEAU FINAL'!B21 -> Pension moyenne sur cycle de vie selon le régime d'affiliation
D16: ='[56]TABLEAU FINAL'!D22 -> Nombre d'enfants | E16: ='[56]TABLEAU FINAL'!E22 -> Mono Lura | F16: ='[56]TABLEAU FINAL'!F22 -> Mono FP-RS | G16: ='[56]TABLEAU FINAL'!G22 -> Mono MSAE-PLIB | H16: ='[56]TABLEAU FINAL'!H22 -> Poly Lura-FP-RS | I16: ='[56]TABLEAU FINAL'!I22 -> Poly Lura-MSAE-PLIB | J16: ='[56]TABLEAU FINAL'!J22 -> Sans droit propre
B17: ='[56]TABLEAU FINAL'!B23 -> Femmes | D17: ='[56]TABLEAU FINAL'!D23 -> 1 | E17: ='[56]TABLEAU FINAL'!E23 -> -0.010429941 | F17: ='[56]TABLEAU FINAL'!F23 -> -0.018709439 | G17: ='[56]TABLEAU FINAL'!G23 -> 0.083551399 | H17: ='[56]TABLEAU FINAL'!H23 -> -0.018489876 | I17: ='[56]TABLEAU FINAL'!I23 -> -0.011797187 | J17: ='[56]TABLEAU FINAL'!J23 -> -0.064618244
D18: ='[56]TABLEAU FINAL'!D24 -> 2 | E18: ='[56]TABLEAU FINAL'!E24 -> 0.019771082 | F18: ='[56]TABLEAU FINAL'!F24 -> 0.025207613 | G18: ='[56]TABLEAU FINAL'!G24 -> 0.026282154 | H18: ='[56]TABLEAU FINAL'!H24 -> 0.0089683542 | I18: ='[56]TABLEAU FINAL'!I24 -> 0.022920767 | J18: ='[56]TABLEAU FINAL'!J24 -> -0.078519615
D19: ='[56]TABLEAU FINAL'!D25 -> 3 et plus | E19: ='[56]TABLEAU FINAL'!E25 -> -0.03879814 | F19: ='[56]TABLEAU FINAL'!F25 -> -0.053539283 | G19: ='[56]TABLEAU FINAL'!G25 -> -0.15483116 | H19: ='[56]TABLEAU FINAL'!H25 -> -0.054800419 | I19: ='[56]TABLEAU FINAL'!I25 -> -0.040434985 | J19: ='[56]TABLEAU FINAL'!J25 -> -0.10135416
B20: ='[56]TABLEAU FINAL'!B26 -> Hommes | D20: ='[56]TABLEAU FINAL'!D26 -> 1 | E20: ='[56]TABLEAU FINAL'!E26 -> -0.0048872806 | F20: ='[56]TABLEAU FINAL'!F26 -> -0.0017806286 | G20: ='[56]TABLEAU FINAL'!G26 -> -0.0028932345 | H20: ='[56]TABLEAU FINAL'!H26 -> -0.005510841 | I20: ='[56]TABLEAU FINAL'!I26 -> -0.0046084805 | J20: ='[56]TABLEAU FINAL'!J26 -> 0.066571126
D21: ='[56]TABLEAU FINAL'!D27 -> 2 | E21: ='[56]TABLEAU FINAL'!E27 -> -0.0055662843 | F21: ='[56]TABLEAU FINAL'!F27 -> -0.0041956891 | G21: ='[56]TABLEAU FINAL'!G27 -> -0.0035041674 | H21: ='[56]TABLEAU FINAL'!H27 -> -0.0059107394 | I21: ='[56]TABLEAU FINAL'!I27 -> -0.0034515626 | J21: ='[56]TABLEAU FINAL'!J27 -> 0.13913033
D22: ='[56]TABLEAU FINAL'!D28 -> 3 et plus | E22: ='[56]TABLEAU FINAL'!E28 -> -0.089079633 | F22: ='[56]TABLEAU FINAL'!F28 -> -0.079994977 | G22: ='[56]TABLEAU FINAL'!G28 -> -0.052708853 | H22: ='[56]TABLEAU FINAL'!H28 -> -0.088470658 | I22: ='[56]TABLEAU FINAL'!I28 -> -0.080434854 | J22: ='[56]TABLEAU FINAL'!J28 -> -0.27592629
B24: ='[56]TABLEAU FINAL'!B37 -> Pension moyenne sur cycle de vie selon le quintile de pension
